c-ip,city,country,ClientID
205.178.184.153,,,1
91.212.127.100,,,2
204.244.11.121,,,3
86.156.68.62,,,4
206.51.228.161,,,5
131.111.37.76,,,6
86.153.189.0,,,7
131.111.30.16,,,8
131.111.37.93,,,9
134.36.36.110,,,10
213.120.115.56,,,11
134.36.36.113,,,12
90.240.113.65,,,13
134.36.36.106,,,14
134.36.36.98,,,15
134.36.36.109,,,16
138.100.13.40,,,17
134.36.36.100,,,18
216.155.41.11,,,19
70.143.72.10,,,20
203.152.210.122,,,21
134.36.36.112,,,22
131.111.119.34,,,23
134.36.36.105,,,24
74.52.245.146,,,25
131.111.150.66,,,26
131.111.224.54,,,27
131.111.37.72,,,28
80.177.107.182,,,29
66.249.65.245,,,30
76.119.140.119,,,31
75.183.5.217,,,32
96.21.101.144,,,33
71.192.176.112,,,34
75.180.228.114,,,35
205.151.118.95,,,36
124.115.1.7,,,37
77.88.43.25,,,38
66.249.65.43,,,39
67.195.113.235,,,40
114.80.93.56,,,41
208.115.111.242,,,42
207.46.204.229,,,43
207.46.199.184,,,44
123.125.66.78,,,45
220.181.7.71,,,46
207.46.13.133,,,47
112.203.232.198,,,48
174.129.160.156,,,49
123.125.66.134,,,50
220.181.7.93,,,51
90.189.148.126,,,52
78.172.9.79,,,53
123.125.66.123,,,54
220.181.7.64,,,55
124.120.153.226,,,56
95.108.158.242,,,57
95.131.64.134,,,58
80.176.84.62,,,59
123.125.66.73,,,60
220.181.7.75,,,61
186.42.4.43,,,62
123.125.66.61,,,63
220.181.7.91,,,64
65.52.49.75,,,65
123.125.66.88,,,66
220.181.7.92,,,67
66.249.65.50,,,68
124.115.0.162,,,69
65.52.49.77,,,70
124.115.0.161,,,71
124.115.0.159,,,72
124.115.0.158,,,73
124.115.4.204,,,74
124.115.4.205,,,75
124.115.0.140,,,76
124.115.0.169,,,77
124.115.0.168,,,78
114.80.93.73,,,79
124.115.0.17,,,80
124.115.0.18,,,81
123.125.66.127,,,82
220.181.7.58,,,83
124.115.0.163,,,84
124.115.0.160,,,85
124.115.0.26,,,86
124.115.4.201,,,87
124.115.0.28,,,88
124.115.0.100,,,89
124.115.0.23,,,90
124.115.0.27,,,91
124.115.0.103,,,92
78.185.141.169,,,93
124.115.4.190,,,94
124.115.0.101,,,95
124.115.4.198,,,96
124.115.0.16,,,97
124.115.0.15,,,98
124.115.4.199,,,99
124.115.4.203,,,100
207.46.204.192,,,101
124.115.4.202,,,102
124.115.0.21,,,103
124.115.0.22,,,104
124.115.0.170,,,105
124.115.4.191,,,106
114.80.93.52,,,107
124.115.0.102,,,108
124.115.0.165,,,109
124.115.0.167,,,110
124.115.0.166,,,111
124.115.5.11,,,112
123.125.66.124,,,113
220.181.7.127,,,114
124.115.0.142,,,115
124.115.4.197,,,116
124.115.0.14,,,117
114.80.93.51,,,118
114.80.93.50,,,119
61.135.167.74,,,120
124.115.4.192,,,121
124.115.0.171,,,122
114.80.93.57,,,123
86.162.158.36,,,124
124.115.0.20,,,125
124.115.0.139,,,126
124.115.0.19,,,127
124.115.0.138,,,128
124.115.0.111,,,129
58.61.164.39,,,130
124.115.4.193,,,131
124.115.0.108,,,132
124.115.4.195,,,133
124.115.4.196,,,134
124.115.0.109,,,135
124.115.0.110,,,136
124.115.0.107,,,137
124.115.4.194,,,138
124.115.0.104,,,139
124.115.4.200,,,140
124.115.0.157,,,141
208.80.194.28,,,142
124.115.0.141,,,143
114.80.93.55,,,144
114.80.93.54,,,145
124.115.0.105,,,146
124.115.0.106,,,147
114.80.93.71,,,148
124.115.0.156,,,149
124.115.0.24,,,150
124.115.0.164,,,151
123.125.66.91,,,152
114.80.93.53,,,153
124.115.0.25,,,154
207.46.199.183,,,155
208.80.194.27,,,156
24.161.126.4,,,157
74.47.136.52,,,158
92.30.177.96,,,159
207.46.199.177,,,160
202.14.81.49,,,161
220.181.7.121,,,162
207.46.195.227,,,163
66.249.65.35,,,164
150.70.64.204,,,165
119.63.198.54,,,166
87.7.30.243,,,167
190.95.211.18,,,168
220.181.7.72,,,169
123.125.66.63,,,170
66.220.147.247,,,171
72.14.164.169,,,172
66.249.67.44,,,173
67.195.111.153,,,174
95.108.142.150,,,175
82.69.5.43,,,176
72.14.164.198,,,177
86.62.102.177,,,178
216.129.119.10,,,179
85.180.126.196,,,180
99.18.90.201,,,181
190.177.142.21,,,182
66.235.124.56,,,183
193.47.80.47,,,184
93.158.145.27,,,185
67.182.232.196,,,186
98.154.110.162,,,187
67.195.115.229,,,188
24.21.133.140,,,189
218.22.21.2,,,190
69.204.247.46,,,191
140.109.103.226,,,192
74.137.15.242,,,193
209.125.235.88,,,194
131.217.6.9,,,195
88.108.246.1,,,196
195.34.233.214,,,197
79.234.49.197,,,198
99.28.241.142,,,199
81.213.126.80,,,200
217.158.27.130,,,201
193.128.243.6,,,202
192.134.152.230,,,203
69.63.178.251,,,204
64.229.192.152,,,205
129.234.158.27,,,206
131.111.30.34,,,207
80.254.147.36,,,208
131.111.37.50,,,209
58.107.66.231,,,210
163.1.78.251,,,211
66.219.58.34,,,212
71.176.116.235,,,213
24.188.123.50,,,214
193.1.217.20,,,215
83.69.96.3,,,216
86.173.116.57,,,217
84.35.93.11,,,218
82.22.245.120,,,219
188.58.188.194,,,220
190.15.203.203,,,221
193.140.134.23,,,222
153.5.129.165,,,223
131.111.41.167,,,224
117.199.114.22,,,225
86.165.147.31,,,226
213.106.86.169,,,227
72.3.221.188,,,228
86.107.62.34,,,229
200.41.129.168,,,230
24.44.58.160,,,231
138.23.91.179,,,232
190.95.57.16,,,233
66.249.67.99,,,234
157.140.129.6,,,235
74.125.16.65,,,236
95.54.11.26,,,237
213.123.60.37,,,238
84.50.9.195,,,239
77.161.222.240,,,240
204.76.240.247,,,241
74.12.52.56,,,242
78.175.87.103,,,243
82.12.246.119,,,244
220.181.125.71,,,245
98.202.202.101,,,246
99.227.247.231,,,247
187.67.231.164,,,248
69.63.181.251,,,249
190.18.113.167,,,250
86.137.253.206,,,251
188.179.206.255,,,252
88.80.10.1,,,253
66.249.71.35,,,254
220.181.7.40,,,255
66.235.124.58,,,256
98.200.10.186,,,257
66.249.65.138,,,258
66.249.65.134,,,259
66.249.65.146,,,260
72.187.245.65,,,261
195.93.21.73,,,262
76.171.179.192,,,263
88.255.219.130,,,264
66.249.65.172,,,265
208.80.193.29,,,266
80.52.164.107,,,267
87.112.95.56,,,268
81.231.105.33,,,269
86.1.97.172,,,270
125.194.108.50,,,271
142.177.190.66,,,272
131.123.1.227,,,273
77.204.37.124,,,274
84.45.231.177,,,275
84.163.126.206,,,276
217.166.60.242,,,277
119.40.118.196,,,278
143.107.211.154,,,279
200.11.0.12,,,280
61.160.216.63,,,281
88.250.237.33,,,282
81.36.36.88,,,283
212.240.32.98,,,284
87.83.218.34,,,285
74.125.126.82,,,286
74.125.126.81,,,287
72.14.192.68,,,288
200.0.182.62,,,289
96.240.169.115,,,290
74.95.178.201,,,291
174.129.57.51,,,292
82.152.45.101,,,293
80.185.181.172,,,294
217.131.205.249,,,295
79.121.234.138,,,296
78.170.207.163,,,297
165.29.106.3,,,298
144.122.127.130,,,299
88.253.4.229,,,300
67.195.37.184,,,301
129.49.105.148,,,302
220.181.7.34,,,303
190.12.66.81,,,304
69.143.43.246,,,305
122.174.113.132,,,306
98.246.35.236,,,307
63.110.125.22,,,308
84.159.103.23,,,309
200.111.150.2,,,310
208.80.193.42,,,311
208.80.193.30,,,312
203.128.250.31,,,313
69.63.181.250,,,314
85.210.170.201,,,315
86.138.141.39,,,316
217.227.131.203,,,317
82.6.96.33,,,318
217.227.182.234,,,319
217.44.85.20,,,320
190.14.186.130,,,321
81.234.118.27,,,322
94.68.160.208,,,323
66.235.124.55,,,324
154.20.181.97,,,325
190.162.28.87,,,326
83.67.65.16,,,327
88.234.187.178,,,328
220.181.7.49,,,329
66.249.65.177,,,330
190.177.75.229,,,331
194.78.48.108,,,332
65.243.184.91,,,333
216.104.15.142,,,334
134.107.216.137,,,335
145.253.249.226,,,336
121.200.67.50,,,337
110.139.190.100,,,338
74.6.18.221,,,339
196.46.246.21,,,340
65.55.207.102,,,341
59.97.96.29,,,342
194.75.238.105,,,343
95.146.230.96,,,344
147.231.140.32,,,345
24.18.156.14,,,346
84.46.77.95,,,347
66.235.124.57,,,348
82.84.216.247,,,349
64.246.165.50,,,350
190.15.128.68,,,351
62.190.148.25,,,352
89.149.244.240,,,353
90.202.46.148,,,354
66.235.124.59,,,355
65.8.164.144,,,356
203.24.148.50,,,357
92.29.93.3,,,358
4.79.205.35,,,359
78.179.242.253,,,360
66.249.65.166,,,361
81.37.69.179,,,362
94.242.151.114,,,363
190.178.79.114,,,364
119.63.198.61,,,365
66.249.65.182,,,366
65.55.207.121,,,367
200.93.225.26,,,368
189.59.55.182,,,369
122.106.209.49,,,370
95.148.135.232,,,371
78.149.8.120,,,372
65.55.207.78,,,373
82.6.105.185,,,374
80.87.90.243,,,375
65.55.106.179,,,376
220.181.7.28,,,377
74.125.46.81,,,378
201.191.156.226,,,379
24.186.166.147,,,380
69.113.196.156,,,381
213.78.125.170,,,382
190.177.68.207,,,383
66.249.65.39,,,384
200.90.175.181,,,385
88.247.71.192,,,386
210.210.149.157,,,387
71.35.202.75,,,388
71.141.254.202,,,389
208.43.179.10,,,390
203.87.205.158,,,391
114.246.77.84,,,392
65.55.107.179,,,393
195.229.242.59,,,394
195.229.235.38,,,395
63.130.248.38,,,396
212.219.116.109,,,397
83.105.17.60,,,398
91.82.140.34,,,399
85.12.64.153,,,400
134.176.167.17,,,401
123.237.232.118,,,402
213.7.101.10,,,403
208.89.76.203,,,404
200.117.204.175,,,405
96.57.194.234,,,406
150.70.84.46,,,407
74.242.235.23,,,408
152.2.15.133,,,409
152.2.14.191,,,410
93.133.64.221,,,411
196.41.20.251,,,412
119.63.198.53,,,413
86.165.186.113,,,414
74.125.46.80,,,415
201.191.155.142,,,416
220.181.7.100,,,417
76.173.94.153,,,418
75.8.124.166,,,419
201.223.62.242,,,420
81.234.195.253,,,421
150.70.84.41,,,422
65.55.207.27,,,423
66.249.65.51,,,424
66.249.65.24,,,425
41.250.23.52,,,426
41.221.202.142,,,427
61.183.15.9,,,428
203.185.214.42,,,429
64.184.228.230,,,430
65.55.106.114,,,431
65.55.207.101,,,432
76.65.207.92,,,433
219.89.226.84,,,434
113.36.218.92,,,435
119.82.126.162,,,436
86.31.79.206,,,437
81.245.237.236,,,438
65.55.207.30,,,439
79.246.95.46,,,440
86.7.16.122,,,441
110.55.170.18,,,442
62.43.184.15,,,443
64.129.85.90,,,444
192.188.55.4,,,445
81.222.236.2,,,446
148.236.5.92,,,447
85.92.209.135,,,448
157.92.44.71,,,449
157.92.44.72,,,450
200.85.200.234,,,451
189.19.60.31,,,452
202.37.78.13,,,453
82.178.69.34,,,454
24.10.190.114,,,455
82.16.99.188,,,456
152.2.14.157,,,457
66.249.65.2,,,458
119.63.198.35,,,459
190.177.72.119,,,460
208.80.193.32,,,461
91.125.209.235,,,462
208.80.193.38,,,463
220.181.7.108,,,464
129.116.69.235,,,465
204.236.132.156,,,466
201.222.254.205,,,467
74.125.46.82,,,468
65.55.207.134,,,469
69.63.182.123,,,470
65.55.106.211,,,471
208.80.193.43,,,472
192.43.227.18,,,473
145.72.98.1,,,474
121.157.218.46,,,475
117.204.68.4,,,476
210.69.75.17,,,477
144.41.33.62,,,478
92.240.68.152,,,479
84.164.79.108,,,480
217.228.242.181,,,481
194.116.198.179,,,482
72.14.164.138,,,483
72.14.164.197,,,484
82.69.254.6,,,485
72.14.164.179,,,486
72.14.164.175,,,487
72.14.164.181,,,488
72.14.164.171,,,489
72.14.164.141,,,490
72.14.164.163,,,491
72.14.164.166,,,492
72.14.164.162,,,493
72.14.164.154,,,494
72.14.164.149,,,495
72.14.164.184,,,496
72.14.164.156,,,497
72.14.164.180,,,498
72.14.164.132,,,499
65.55.106.108,,,500
72.14.164.160,,,501
72.14.164.142,,,502
72.14.164.186,,,503
72.14.164.183,,,504
72.14.164.151,,,505
72.14.164.129,,,506
91.84.211.17,,,507
72.14.164.188,,,508
72.14.164.158,,,509
72.14.164.139,,,510
72.14.164.145,,,511
72.14.164.144,,,512
72.14.164.135,,,513
72.14.164.170,,,514
72.14.164.174,,,515
72.14.164.194,,,516
72.14.164.196,,,517
59.95.55.121,,,518
72.14.164.173,,,519
72.14.164.189,,,520
72.14.164.131,,,521
72.14.164.195,,,522
72.14.164.148,,,523
72.14.164.167,,,524
66.220.146.246,,,525
193.132.78.42,,,526
217.112.115.34,,,527
72.14.164.199,,,528
72.14.164.159,,,529
72.14.164.136,,,530
72.14.164.140,,,531
72.14.164.187,,,532
72.14.164.193,,,533
72.14.164.191,,,534
41.204.224.14,,,535
72.14.164.177,,,536
72.14.164.161,,,537
94.111.114.16,,,538
75.101.220.102,,,539
77.103.93.169,,,540
72.14.164.134,,,541
72.14.164.176,,,542
72.14.164.146,,,543
128.227.41.189,,,544
72.14.164.172,,,545
190.178.74.122,,,546
72.14.164.155,,,547
72.14.164.130,,,548
72.14.164.137,,,549
72.14.164.128,,,550
131.211.213.116,,,551
72.14.164.147,,,552
72.14.164.164,,,553
72.14.164.168,,,554
72.14.164.185,,,555
72.14.164.178,,,556
72.14.164.165,,,557
193.136.1.22,,,558
72.14.164.153,,,559
89.35.98.94,,,560
41.202.74.171,,,561
75.101.179.42,,,562
72.14.164.192,,,563
131.111.151.217,,,564
220.181.7.38,,,565
72.14.164.152,,,566
72.14.164.157,,,567
66.249.71.172,,,568
41.235.233.101,,,569
72.14.164.133,,,570
164.77.156.115,,,571
72.14.164.150,,,572
129.123.205.101,,,573
72.14.164.182,,,574
81.96.79.92,,,575
84.48.34.216,,,576
119.63.198.40,,,577
200.51.96.85,,,578
123.125.66.40,,,579
84.119.45.159,,,580
204.11.225.76,,,581
66.249.71.155,,,582
96.42.119.166,,,583
67.142.162.38,,,584
71.202.151.131,,,585
88.71.69.23,,,586
80.200.101.58,,,587
208.70.189.142,,,588
139.18.63.84,,,589
95.15.70.77,,,590
200.51.93.243,,,591
65.55.106.228,,,592
92.40.164.35,,,593
112.202.177.6,,,594
91.205.175.4,,,595
38.127.134.3,,,596
80.65.107.50,,,597
65.55.106.112,,,598
81.154.247.103,,,599
95.149.29.151,,,600
190.64.101.1,,,601
94.9.19.98,,,602
189.29.16.20,,,603
80.58.205.98,,,604
71.3.207.181,,,605
85.122.30.2,,,606
75.111.31.182,,,607
195.248.193.121,,,608
85.174.224.69,,,609
66.235.124.54,,,610
60.224.132.144,,,611
119.63.198.32,,,612
66.249.67.120,,,613
65.55.106.162,,,614
173.55.27.157,,,615
190.22.140.252,,,616
66.249.65.88,,,617
190.49.46.79,,,618
202.36.154.162,,,619
216.104.15.130,,,620
67.202.41.30,,,621
77.250.147.41,,,622
66.249.67.9,,,623
67.195.112.165,,,624
220.253.102.76,,,625
200.127.245.101,,,626
187.45.20.152,,,627
65.55.106.133,,,628
173.95.155.139,,,629
202.5.185.86,,,630
116.55.226.131,,,631
125.60.240.217,,,632
217.127.72.187,,,633
66.249.65.252,,,634
65.55.207.126,,,635
120.152.123.176,,,636
203.88.10.131,,,637
91.44.205.8,,,638
117.193.137.119,,,639
213.106.114.58,,,640
86.141.219.243,,,641
200.82.88.170,,,642
82.95.143.3,,,643
88.242.70.155,,,644
117.195.229.133,,,645
86.146.252.51,,,646
65.55.207.71,,,647
65.55.218.159,,,648
193.218.134.246,,,649
38.100.41.113,,,650
86.168.58.134,,,651
200.42.143.173,,,652
86.91.155.159,,,653
79.74.133.33,,,654
220.181.125.68,,,655
84.188.249.24,,,656
213.106.93.89,,,657
83.34.114.163,,,658
69.63.180.247,,,659
88.131.106.21,,,660
82.35.50.57,,,661
61.215.163.136,,,662
119.63.198.36,,,663
217.42.31.71,,,664
89.210.83.36,,,665
186.3.1.155,,,666
65.55.218.158,,,667
65.55.207.22,,,668
24.189.174.196,,,669
68.51.108.20,,,670
157.249.83.68,,,671
65.243.185.247,,,672
220.181.7.14,,,673
187.4.27.209,,,674
66.249.67.117,,,675
65.55.106.109,,,676
67.195.112.176,,,677
124.189.35.155,,,678
98.21.99.88,,,679
66.249.71.245,,,680
71.121.200.250,,,681
58.64.41.68,,,682
117.202.131.3,,,683
216.157.145.63,,,684
141.65.161.67,,,685
72.55.156.8,,,686
75.101.221.99,,,687
78.157.175.21,,,688
122.100.132.199,,,689
77.101.254.213,,,690
65.55.106.180,,,691
125.166.216.178,,,692
80.229.151.110,,,693
190.64.98.54,,,694
91.135.234.156,,,695
92.201.107.133,,,696
217.42.14.206,,,697
91.156.167.21,,,698
95.159.216.167,,,699
83.237.232.133,,,700
77.193.230.246,,,701
87.186.102.73,,,702
74.6.22.176,,,703
62.56.108.172,,,704
78.159.121.20,,,705
83.208.2.240,,,706
205.178.184.154,,,707
71.199.94.4,,,708
69.63.178.246,,,709
88.233.2.0,,,710
72.14.194.1,,,711
190.183.1.121,,,712
65.243.186.2,,,713
208.114.40.192,,,714
24.22.125.177,,,715
65.55.106.136,,,716
212.117.183.163,,,717
131.112.16.220,,,718
207.46.199.190,,,719
74.107.163.16,,,720
187.137.24.236,,,721
212.183.140.61,,,722
207.46.199.185,,,723
203.185.133.16,,,724
66.249.67.15,,,725
200.12.205.154,,,726
89.0.182.218,,,727
207.46.199.194,,,728
141.84.65.44,,,729
151.20.39.192,,,730
117.196.146.126,,,731
90.163.140.157,,,732
81.204.70.179,,,733
80.162.198.240,,,734
77.224.172.132,,,735
84.18.136.2,,,736
80.42.27.202,,,737
78.141.73.219,,,738
208.80.193.27,,,739
154.8.20.107,,,740
203.131.252.14,,,741
83.17.87.206,,,742
193.10.145.40,,,743
208.80.193.28,,,744
87.64.139.75,,,745
65.55.106.229,,,746
144.13.140.135,,,747
144.13.137.28,,,748
144.13.136.63,,,749
65.55.106.234,,,750
84.96.6.162,,,751
190.178.65.239,,,752
91.107.63.80,,,753
209.159.223.8,,,754
80.240.220.32,,,755
65.55.215.75,,,756
65.51.46.18,,,757
65.55.207.69,,,758
142.103.144.2,,,759
95.7.49.168,,,760
134.121.117.71,,,761
71.34.252.253,,,762
65.55.207.119,,,763
67.195.111.183,,,764
211.30.198.230,,,765
220.181.7.43,,,766
212.178.14.145,,,767
65.55.106.230,,,768
124.219.26.209,,,769
65.55.106.115,,,770
65.55.107.180,,,771
65.55.207.26,,,772
128.208.152.99,,,773
118.100.69.159,,,774
122.107.229.202,,,775
216.104.15.138,,,776
65.55.216.53,,,777
65.55.106.132,,,778
65.55.106.131,,,779
65.55.106.183,,,780
65.55.106.139,,,781
65.55.215.74,,,782
65.55.207.118,,,783
65.55.207.94,,,784
65.55.207.51,,,785
65.55.106.107,,,786
65.55.106.155,,,787
207.46.199.199,,,788
65.55.106.156,,,789
65.55.207.47,,,790
65.55.106.232,,,791
65.55.207.98,,,792
65.55.216.55,,,793
65.55.106.187,,,794
65.55.106.181,,,795
65.55.106.231,,,796
65.55.106.207,,,797
65.55.207.135,,,798
65.55.216.33,,,799
65.55.207.45,,,800
98.118.208.230,,,801
121.215.214.157,,,802
67.195.115.153,,,803
67.195.112.50,,,804
72.14.193.66,,,805
93.187.161.104,,,806
65.55.216.9,,,807
207.46.199.193,,,808
94.52.91.54,,,809
82.198.250.66,,,810
200.43.249.254,,,811
128.40.184.124,,,812
91.77.235.246,,,813
65.244.122.243,,,814
66.249.71.27,,,815
211.232.57.21,,,816
79.137.233.136,,,817
61.247.222.45,,,818
190.43.71.63,,,819
128.253.177.65,,,820
216.38.35.125,,,821
80.177.31.148,,,822
77.49.57.214,,,823
200.17.83.66,,,824
67.160.102.66,,,825
129.128.152.33,,,826
61.23.221.9,,,827
84.29.48.147,,,828
98.192.4.251,,,829
192.104.39.2,,,830
74.58.211.234,,,831
64.125.222.16,,,832
173.162.73.9,,,833
38.99.97.103,,,834
207.46.199.201,,,835
207.46.199.180,,,836
220.181.7.32,,,837
67.195.112.85,,,838
65.55.207.74,,,839
82.41.47.55,,,840
66.249.67.85,,,841
65.55.106.184,,,842
65.55.207.132,,,843
65.100.37.183,,,844
72.30.161.221,,,845
207.46.195.226,,,846
202.89.58.19,,,847
65.55.106.160,,,848
65.55.207.131,,,849
212.55.66.90,,,850
65.55.106.158,,,851
65.55.207.138,,,852
65.55.207.125,,,853
131.193.92.220,,,854
145.36.234.116,,,855
207.241.173.20,,,856
65.55.207.93,,,857
65.55.106.210,,,858
65.55.107.182,,,859
65.55.207.49,,,860
68.6.201.245,,,861
65.55.207.122,,,862
65.55.106.111,,,863
65.55.106.138,,,864
65.55.207.52,,,865
65.55.110.26,,,866
119.152.164.17,,,867
207.46.195.231,,,868
88.5.212.39,,,869
65.55.207.25,,,870
65.55.207.21,,,871
65.55.110.197,,,872
65.55.106.182,,,873
77.51.218.133,,,874
83.149.3.27,,,875
218.186.11.228,,,876
218.186.11.12,,,877
65.55.106.208,,,878
207.46.204.193,,,879
65.55.207.100,,,880
65.55.106.185,,,881
91.42.168.153,,,882
65.55.207.96,,,883
168.167.220.254,,,884
87.112.37.15,,,885
80.164.14.21,,,886
65.55.216.10,,,887
65.55.207.48,,,888
92.234.17.65,,,889
65.55.106.134,,,890
65.55.106.233,,,891
65.55.106.159,,,892
79.229.61.236,,,893
61.89.27.53,,,894
217.87.245.167,,,895
65.55.106.157,,,896
83.43.67.149,,,897
65.55.106.186,,,898
65.55.207.23,,,899
128.54.6.208,,,900
65.55.207.76,,,901
65.55.207.70,,,902
221.208.241.248,,,903
65.55.207.133,,,904
65.55.106.137,,,905
65.55.207.99,,,906
220.181.7.33,,,907
74.6.149.198,,,908
67.195.115.37,,,909
66.249.65.226,,,910
207.46.195.225,,,911
207.46.195.241,,,912
68.142.243.60,,,913
207.46.204.233,,,914
24.210.70.237,,,915
207.46.204.231,,,916
207.46.195.223,,,917
67.195.112.253,,,918
67.202.29.142,,,919
190.16.157.253,,,920
207.46.195.239,,,921
190.40.196.11,,,922
24.2.38.93,,,923
65.55.110.219,,,924
207.46.199.42,,,925
76.231.191.114,,,926
207.46.204.178,,,927
66.30.224.4,,,928
207.46.204.185,,,929
207.46.195.228,,,930
207.46.204.227,,,931
122.181.142.195,,,932
207.46.204.230,,,933
207.46.195.237,,,934
87.65.247.5,,,935
207.46.204.189,,,936
84.108.123.203,,,937
195.13.163.99,,,938
74.222.2.74,,,939
67.195.113.215,,,940
64.56.64.57,,,941
207.46.204.238,,,942
64.56.67.154,,,943
85.211.39.207,,,944
131.220.121.193,,,945
201.51.253.234,,,946
218.186.11.249,,,947
218.186.11.10,,,948
190.95.187.2,,,949
75.121.142.191,,,950
168.96.255.130,,,951
207.46.204.191,,,952
151.65.34.41,,,953
207.46.199.47,,,954
88.131.106.30,,,955
207.46.195.235,,,956
24.16.157.102,,,957
207.46.204.194,,,958
79.197.82.85,,,959
207.46.204.179,,,960
207.46.199.191,,,961
86.9.165.23,,,962
207.46.204.186,,,963
85.114.130.150,,,964
66.249.65.231,,,965
86.9.117.23,,,966
217.44.249.153,,,967
207.46.199.41,,,968
88.131.106.32,,,969
74.107.164.170,,,970
93.139.123.124,,,971
207.46.204.188,,,972
150.70.84.204,,,973
196.3.50.253,,,974
66.249.65.206,,,975
75.101.203.73,,,976
220.181.7.113,,,977
207.46.204.236,,,978
207.46.199.46,,,979
207.46.199.49,,,980
96.240.51.44,,,981
207.46.199.54,,,982
66.249.65.204,,,983
207.46.204.180,,,984
207.46.12.26,,,985
207.46.195.224,,,986
67.164.92.15,,,987
207.46.204.197,,,988
187.149.66.189,,,989
207.46.195.242,,,990
24.108.22.0,,,991
207.46.199.39,,,992
66.249.65.202,,,993
207.46.199.53,,,994
201.132.83.201,,,995
207.46.195.236,,,996
141.48.46.38,,,997
207.46.204.187,,,998
87.118.88.79,,,999
79.99.118.12,,,1000
65.55.109.91,,,1001
65.55.109.45,,,1002
62.171.194.4,,,1003
207.46.12.120,,,1004
207.46.12.107,,,1005
65.55.110.171,,,1006
65.55.109.48,,,1007
207.46.204.177,,,1008
131.111.55.95,,,1009
207.46.199.182,,,1010
207.46.199.40,,,1011
94.28.27.102,,,1012
207.46.204.190,,,1013
62.25.109.195,,,1014
207.46.199.178,,,1015
71.150.80.84,,,1016
89.123.119.76,,,1017
207.46.204.195,,,1018
207.46.195.238,,,1019
79.123.118.242,,,1020
89.248.168.41,,,1021
95.24.157.247,,,1022
96.224.32.26,,,1023
38.99.96.11,,,1024
88.240.165.15,,,1025
208.80.193.37,,,1026
216.73.249.89,,,1027
85.141.200.64,,,1028
174.116.106.206,,,1029
129.173.35.133,,,1030
207.46.199.52,,,1031
207.46.204.228,,,1032
70.246.96.182,,,1033
207.46.199.51,,,1034
66.249.65.107,,,1035
198.7.235.70,,,1036
72.214.129.36,,,1037
207.46.195.230,,,1038
207.46.199.43,,,1039
198.53.195.96,,,1040
86.162.160.4,,,1041
150.131.78.221,,,1042
83.36.247.216,,,1043
220.181.7.19,,,1044
66.249.65.84,,,1045
71.231.87.126,,,1046
207.46.199.48,,,1047
207.46.204.234,,,1048
207.46.204.235,,,1049
207.46.204.240,,,1050
173.212.214.130,,,1051
207.46.204.196,,,1052
207.46.204.183,,,1053
98.198.155.56,,,1054
207.46.195.240,,,1055
207.46.204.239,,,1056
121.121.173.106,,,1057
86.146.178.197,,,1058
70.33.184.37,,,1059
207.46.199.55,,,1060
213.229.219.129,,,1061
66.249.71.166,,,1062
24.44.139.8,,,1063
67.202.8.74,,,1064
207.46.204.243,,,1065
82.83.182.84,,,1066
95.148.135.130,,,1067
81.32.94.90,,,1068
24.207.250.197,,,1069
87.228.211.94,,,1070
216.104.15.134,,,1071
207.46.199.45,,,1072
207.46.204.237,,,1073
207.46.199.195,,,1074
85.185.137.4,,,1075
24.197.139.109,,,1076
86.167.181.97,,,1077
207.46.199.38,,,1078
141.52.175.61,,,1079
66.249.65.235,,,1080
190.226.137.123,,,1081
74.93.61.201,,,1082
61.147.97.249,,,1083
70.249.223.164,,,1084
71.104.224.47,,,1085
207.46.195.232,,,1086
212.175.32.126,,,1087
62.190.94.91,,,1088
118.101.251.39,,,1089
79.158.218.209,,,1090
65.55.110.218,,,1091
190.229.236.231,,,1092
65.55.109.20,,,1093
190.82.221.98,,,1094
65.55.110.216,,,1095
207.46.204.182,,,1096
190.222.64.236,,,1097
203.82.94.34,,,1098
88.232.254.133,,,1099
91.5.244.32,,,1100
165.138.0.20,,,1101
165.139.0.20,,,1102
92.23.128.188,,,1103
86.178.70.127,,,1104
92.237.222.66,,,1105
168.176.5.162,,,1106
198.96.80.15,,,1107
212.41.84.34,,,1108
86.141.181.11,,,1109
188.222.125.89,,,1110
66.235.124.18,,,1111
199.133.17.236,,,1112
95.133.135.144,,,1113
62.254.8.67,,,1114
65.55.37.203,,,1115
90.218.176.175,,,1116
92.27.153.191,,,1117
217.131.211.130,,,1118
220.181.7.112,,,1119
220.181.7.104,,,1120
95.173.45.55,,,1121
66.249.71.38,,,1122
207.46.199.196,,,1123
24.22.70.76,,,1124
24.7.65.16,,,1125
207.46.13.43,,,1126
207.46.13.41,,,1127
72.30.161.222,,,1128
207.46.195.233,,,1129
207.46.13.42,,,1130
207.46.13.85,,,1131
124.120.132.76,,,1132
207.46.13.87,,,1133
65.55.109.241,,,1134
65.55.109.158,,,1135
207.46.204.184,,,1136
65.55.109.168,,,1137
205.209.170.10,,,1138
132.180.252.57,,,1139
67.177.129.106,,,1140
198.54.202.150,,,1141
207.46.199.179,,,1142
82.5.181.208,,,1143
86.9.127.200,,,1144
207.46.13.134,,,1145
80.58.205.54,,,1146
86.132.217.143,,,1147
81.97.238.216,,,1148
201.10.21.92,,,1149
207.46.13.84,,,1150
88.131.106.31,,,1151
88.106.151.57,,,1152
74.182.225.230,,,1153
62.177.82.78,,,1154
94.19.101.245,,,1155
188.4.8.94,,,1156
82.132.139.30,,,1157
65.55.207.97,,,1158
207.46.13.131,,,1159
150.70.84.76,,,1160
207.46.204.181,,,1161
207.46.13.132,,,1162
151.61.236.212,,,1163
195.93.21.98,,,1164
195.93.21.5,,,1165
195.93.21.1,,,1166
195.93.21.42,,,1167
195.93.21.99,,,1168
195.93.21.100,,,1169
195.93.21.74,,,1170
195.93.21.40,,,1171
195.93.21.8,,,1172
195.93.21.34,,,1173
195.93.21.37,,,1174
195.93.21.3,,,1175
195.93.21.70,,,1176
195.93.21.9,,,1177
195.93.21.2,,,1178
195.93.21.104,,,1179
195.93.21.4,,,1180
195.93.21.72,,,1181
195.93.21.33,,,1182
195.93.21.6,,,1183
195.93.21.10,,,1184
195.93.21.65,,,1185
195.93.21.68,,,1186
195.93.21.101,,,1187
195.93.21.67,,,1188
195.93.21.106,,,1189
195.93.21.41,,,1190
195.93.21.38,,,1191
195.93.21.71,,,1192
195.93.21.97,,,1193
195.93.21.103,,,1194
195.93.21.7,,,1195
195.93.21.105,,,1196
195.93.21.102,,,1197
195.93.21.39,,,1198
92.11.32.55,,,1199
200.97.125.15,,,1200
76.181.46.204,,,1201
86.19.96.37,,,1202
201.223.176.55,,,1203
85.92.222.254,,,1204
212.183.140.2,,,1205
220.181.7.99,,,1206
201.130.223.180,,,1207
114.249.207.46,,,1208
114.249.206.35,,,1209
207.46.194.165,,,1210
173.160.158.254,,,1211
119.86.99.163,,,1212
207.46.199.44,,,1213
207.46.204.242,,,1214
207.46.199.37,,,1215
207.46.13.44,,,1216
92.244.25.242,,,1217
195.229.242.53,,,1218
207.46.195.234,,,1219
207.46.13.40,,,1220
85.75.166.211,,,1221
207.46.204.241,,,1222
92.238.72.160,,,1223
87.74.13.122,,,1224
67.195.113.224,,,1225
119.153.0.221,,,1226
222.124.3.12,,,1227
142.103.144.26,,,1228
174.129.152.208,,,1229
79.173.144.50,,,1230
208.80.193.36,,,1231
208.80.193.39,,,1232
125.89.152.187,,,1233
68.163.208.65,,,1234
129.100.68.174,,,1235
87.236.29.87,,,1236
193.206.79.46,,,1237
91.214.45.233,,,1238
192.86.100.36,,,1239
83.82.147.135,,,1240
67.212.67.7,,,1241
190.234.5.185,,,1242
72.194.98.121,,,1243
97.118.27.81,,,1244
85.108.246.108,,,1245
218.185.56.178,,,1246
66.249.65.240,,,1247
207.46.204.232,,,1248
190.40.173.252,,,1249
67.195.110.170,,,1250
66.249.71.105,,,1251
220.181.7.51,,,1252
217.39.49.239,,,1253
203.217.89.136,,,1254
190.81.93.72,,,1255
65.55.207.72,,,1256
65.55.215.76,,,1257
207.46.13.137,,,1258
207.46.199.22,,,1259
65.55.207.75,,,1260
75.83.76.96,,,1261
200.83.174.119,,,1262
208.80.193.34,,,1263
207.46.204.170,,,1264
124.190.0.218,,,1265
24.205.145.134,,,1266
69.110.5.208,,,1267
207.46.13.86,,,1268
165.12.252.111,,,1269
82.45.195.35,,,1270
204.218.240.143,,,1271
93.81.13.246,,,1272
72.30.161.230,,,1273
95.144.192.84,,,1274
118.100.15.252,,,1275
65.55.109.203,,,1276
207.46.204.215,,,1277
65.55.110.230,,,1278
113.169.88.26,,,1279
65.55.109.93,,,1280
207.46.204.169,,,1281
65.55.110.156,,,1282
81.19.67.243,,,1283
84.60.146.18,,,1284
65.55.216.32,,,1285
207.46.13.136,,,1286
207.46.199.188,,,1287
86.138.127.201,,,1288
212.219.116.229,,,1289
66.220.146.244,,,1290
193.35.132.7,,,1291
193.35.132.4,,,1292
193.35.132.25,,,1293
193.35.132.13,,,1294
193.35.132.10,,,1295
193.35.132.22,,,1296
193.35.132.19,,,1297
83.85.236.161,,,1298
200.3.122.146,,,1299
119.203.66.8,,,1300
123.19.51.169,,,1301
66.220.146.245,,,1302
87.25.5.41,,,1303
95.144.190.40,,,1304
207.46.199.198,,,1305
190.4.235.39,,,1306
200.71.233.164,,,1307
75.101.215.253,,,1308
207.46.199.200,,,1309
38.111.117.1,,,1310
207.46.195.201,,,1311
169.139.176.84,,,1312
86.177.202.81,,,1313
210.17.251.159,,,1314
83.183.220.124,,,1315
190.47.111.125,,,1316
200.7.40.36,,,1317
207.46.12.67,,,1318
87.54.42.99,,,1319
119.224.17.163,,,1320
80.198.105.116,,,1321
202.57.69.84,,,1322
222.66.83.60,,,1323
149.169.206.74,,,1324
207.46.12.66,,,1325
200.90.247.207,,,1326
195.244.169.41,,,1327
66.249.67.55,,,1328
121.218.59.47,,,1329
200.127.26.76,,,1330
220.181.7.54,,,1331
207.46.13.51,,,1332
24.240.203.106,,,1333
190.177.158.244,,,1334
165.98.236.75,,,1335
148.145.48.99,,,1336
66.249.67.78,,,1337
59.165.135.78,,,1338
190.161.13.54,,,1339
202.129.240.20,,,1340
222.124.203.10,,,1341
131.183.246.157,,,1342
81.108.91.51,,,1343
207.46.13.47,,,1344
207.46.13.48,,,1345
88.96.198.94,,,1346
204.218.240.159,,,1347
58.173.41.198,,,1348
207.46.13.95,,,1349
207.46.13.99,,,1350
95.105.166.195,,,1351
64.255.180.164,,,1352
77.220.15.146,,,1353
193.190.117.55,,,1354
65.55.106.135,,,1355
162.38.231.76,,,1356
190.176.225.75,,,1357
207.46.13.93,,,1358
86.142.91.162,,,1359
78.48.132.230,,,1360
207.46.13.143,,,1361
207.46.12.217,,,1362
201.209.202.141,,,1363
118.68.49.100,,,1364
207.46.13.46,,,1365
95.32.138.48,,,1366
188.115.26.164,,,1367
65.55.107.181,,,1368
207.46.13.53,,,1369
95.147.156.79,,,1370
79.131.203.48,,,1371
207.46.195.216,,,1372
91.214.44.233,,,1373
207.46.204.157,,,1374
88.226.190.79,,,1375
130.18.201.65,,,1376
207.46.13.45,,,1377
65.55.106.161,,,1378
65.55.207.54,,,1379
190.25.97.30,,,1380
207.46.13.96,,,1381
141.65.161.69,,,1382
66.249.71.122,,,1383
69.86.163.198,,,1384
207.46.12.68,,,1385
66.249.67.11,,,1386
220.181.7.107,,,1387
207.46.13.100,,,1388
207.46.12.164,,,1389
201.253.225.216,,,1390
207.46.13.98,,,1391
207.46.12.63,,,1392
93.158.144.28,,,1393
207.46.13.138,,,1394
74.125.75.4,,,1395
189.104.91.92,,,1396
219.124.174.189,,,1397
71.198.173.68,,,1398
207.46.13.90,,,1399
207.46.13.139,,,1400
201.164.163.141,,,1401
207.46.204.244,,,1402
129.187.83.108,,,1403
111.68.24.27,,,1404
85.110.224.111,,,1405
194.8.75.157,,,1406
65.55.216.11,,,1407
88.182.37.178,,,1408
193.255.60.254,,,1409
121.52.159.232,,,1410
207.46.13.50,,,1411
94.192.63.155,,,1412
220.253.151.45,,,1413
201.79.142.200,,,1414
94.1.65.114,,,1415
207.46.12.205,,,1416
129.241.46.118,,,1417
207.46.195.229,,,1418
131.111.35.138,,,1419
74.125.16.1,,,1420
193.33.26.121,,,1421
87.173.128.134,,,1422
192.234.253.4,,,1423
88.117.88.100,,,1424
204.236.203.64,,,1425
64.237.233.140,,,1426
159.189.131.110,,,1427
208.44.221.71,,,1428
204.158.157.32,,,1429
204.236.198.191,,,1430
174.129.62.59,,,1431
207.46.13.101,,,1432
200.104.102.234,,,1433
96.31.230.202,,,1434
187.3.4.196,,,1435
119.63.193.129,,,1436
75.255.20.247,,,1437
59.183.56.247,,,1438
78.166.161.21,,,1439
186.124.231.159,,,1440
200.55.192.130,,,1441
93.35.153.247,,,1442
66.249.65.248,,,1443
190.45.150.203,,,1444
207.46.13.141,,,1445
207.46.199.50,,,1446
207.46.13.145,,,1447
66.249.65.232,,,1448
66.249.65.199,,,1449
207.46.13.97,,,1450
66.249.65.241,,,1451
81.193.179.207,,,1452
66.249.65.195,,,1453
217.131.85.167,,,1454
121.217.253.42,,,1455
88.27.197.3,,,1456
207.46.204.203,,,1457
190.47.29.75,,,1458
119.235.237.93,,,1459
69.5.144.145,,,1460
207.46.195.204,,,1461
219.124.174.205,,,1462
207.46.13.140,,,1463
79.31.146.101,,,1464
38.99.96.210,,,1465
207.46.204.161,,,1466
210.7.2.235,,,1467
95.130.137.74,,,1468
174.121.75.42,,,1469
123.125.66.85,,,1470
66.249.71.72,,,1471
207.46.13.94,,,1472
212.124.7.164,,,1473
188.103.129.230,,,1474
207.46.13.52,,,1475
81.215.160.204,,,1476
87.113.16.233,,,1477
58.175.155.1,,,1478
200.89.58.90,,,1479
207.46.13.142,,,1480
115.75.0.99,,,1481
66.249.66.11,,,1482
88.246.202.88,,,1483
83.220.220.87,,,1484
190.131.103.58,,,1485
129.7.111.4,,,1486
190.21.28.255,,,1487
207.75.211.180,,,1488
66.249.67.37,,,1489
65.49.2.18,,,1490
202.88.240.69,,,1491
217.16.22.72,,,1492
188.27.217.147,,,1493
75.201.49.186,,,1494
83.204.231.116,,,1495
87.64.38.120,,,1496
89.223.219.174,,,1497
71.233.237.37,,,1498
65.55.106.203,,,1499
209.82.175.238,,,1500
65.55.106.227,,,1501
207.46.13.135,,,1502
186.60.4.247,,,1503
86.138.31.62,,,1504
72.49.217.64,,,1505
187.79.118.167,,,1506
220.181.7.47,,,1507
201.231.2.220,,,1508
190.40.91.123,,,1509
83.57.31.140,,,1510
66.249.67.101,,,1511
220.181.7.82,,,1512
123.125.66.94,,,1513
118.210.129.61,,,1514
220.181.7.74,,,1515
123.125.66.83,,,1516
207.46.13.146,,,1517
123.125.66.76,,,1518
220.181.7.87,,,1519
123.125.66.67,,,1520
65.55.216.54,,,1521
203.160.128.8,,,1522
85.12.25.245,,,1523
123.125.66.60,,,1524
207.46.13.92,,,1525
207.46.13.54,,,1526
220.181.7.61,,,1527
125.161.22.18,,,1528
119.152.129.57,,,1529
134.206.126.189,,,1530
220.181.7.63,,,1531
123.125.66.69,,,1532
41.238.20.40,,,1533
217.131.211.141,,,1534
91.202.107.59,,,1535
131.111.186.95,,,1536
88.235.240.102,,,1537
207.46.13.144,,,1538
220.181.7.125,,,1539
123.125.66.120,,,1540
81.242.144.2,,,1541
81.157.12.170,,,1542
212.253.165.140,,,1543
123.125.66.122,,,1544
220.181.7.59,,,1545
216.188.244.90,,,1546
123.125.66.129,,,1547
220.181.7.69,,,1548
72.14.193.2,,,1549
217.18.20.253,,,1550
123.125.66.96,,,1551
220.181.7.56,,,1552
134.2.104.166,,,1553
86.189.1.82,,,1554
85.103.37.1,,,1555
89.248.172.14,,,1556
217.207.136.226,,,1557
220.181.7.131,,,1558
123.125.66.70,,,1559
87.220.53.146,,,1560
80.13.147.129,,,1561
78.183.35.39,,,1562
62.28.37.67,,,1563
123.125.66.131,,,1564
220.181.7.66,,,1565
93.138.57.215,,,1566
70.112.233.74,,,1567
220.181.7.116,,,1568
86.154.45.56,,,1569
123.125.66.84,,,1570
220.181.7.96,,,1571
201.234.84.50,,,1572
220.181.7.132,,,1573
189.168.227.1,,,1574
95.103.172.254,,,1575
88.242.170.52,,,1576
123.125.66.79,,,1577
86.137.187.124,,,1578
147.47.241.114,,,1579
220.181.7.60,,,1580
65.102.152.96,,,1581
69.63.181.247,,,1582
207.46.12.212,,,1583
123.125.66.119,,,1584
220.181.7.70,,,1585
207.46.204.164,,,1586
66.249.65.236,,,1587
186.105.113.133,,,1588
123.125.66.82,,,1589
78.162.215.4,,,1590
220.181.7.68,,,1591
220.181.7.36,,,1592
66.249.65.243,,,1593
129.116.69.232,,,1594
207.46.12.27,,,1595
123.125.66.80,,,1596
220.181.7.120,,,1597
82.35.18.160,,,1598
187.15.32.87,,,1599
207.46.12.109,,,1600
207.46.199.33,,,1601
123.125.66.93,,,1602
220.181.7.86,,,1603
68.80.196.76,,,1604
207.46.204.213,,,1605
125.165.178.232,,,1606
68.2.158.155,,,1607
71.34.180.15,,,1608
86.160.8.110,,,1609
220.181.7.118,,,1610
71.202.146.53,,,1611
207.46.12.157,,,1612
123.125.66.133,,,1613
220.181.7.83,,,1614
188.45.234.35,,,1615
123.125.66.117,,,1616
207.46.12.170,,,1617
123.125.66.64,,,1618
207.46.12.25,,,1619
86.151.110.168,,,1620
62.203.196.110,,,1621
207.46.13.88,,,1622
123.125.66.97,,,1623
220.181.7.67,,,1624
220.181.7.119,,,1625
205.188.116.6,,,1626
220.181.7.124,,,1627
123.125.66.59,,,1628
220.181.7.78,,,1629
123.125.66.57,,,1630
87.126.162.69,,,1631
218.88.35.31,,,1632
123.125.66.90,,,1633
220.181.7.77,,,1634
190.137.207.94,,,1635
193.157.203.121,,,1636
207.46.204.219,,,1637
207.183.232.130,,,1638
71.202.16.157,,,1639
220.181.7.88,,,1640
91.132.35.222,,,1641
81.152.241.52,,,1642
88.182.101.197,,,1643
220.181.7.79,,,1644
212.115.225.20,,,1645
123.125.66.95,,,1646
189.173.6.172,,,1647
80.75.1.202,,,1648
85.145.157.10,,,1649
207.46.199.13,,,1650
220.181.7.81,,,1651
66.102.62.148,,,1652
58.96.89.126,,,1653
86.143.2.36,,,1654
220.181.7.117,,,1655
220.181.7.128,,,1656
220.181.7.45,,,1657
219.13.86.5,,,1658
41.254.1.217,,,1659
220.157.216.215,,,1660
207.46.13.49,,,1661
208.80.193.1,,,1662
75.154.99.159,,,1663
123.125.66.71,,,1664
123.109.85.148,,,1665
68.121.23.146,,,1666
129.34.20.17,,,1667
78.102.178.237,,,1668
202.28.78.138,,,1669
81.101.136.236,,,1670
220.181.7.76,,,1671
220.181.7.89,,,1672
123.125.66.65,,,1673
201.67.207.227,,,1674
109.178.137.101,,,1675
86.147.246.25,,,1676
123.125.66.68,,,1677
189.202.68.239,,,1678
85.104.107.66,,,1679
72.44.48.41,,,1680
66.249.71.5,,,1681
207.46.12.117,,,1682
190.178.117.212,,,1683
122.29.116.151,,,1684
85.207.245.213,,,1685
66.220.145.246,,,1686
78.101.238.131,,,1687
64.38.3.50,,,1688
207.46.12.165,,,1689
207.46.12.203,,,1690
84.234.228.182,,,1691
137.205.88.118,,,1692
186.99.234.168,,,1693
123.125.66.62,,,1694
220.181.7.115,,,1695
86.145.41.154,,,1696
190.40.238.53,,,1697
88.234.220.119,,,1698
123.125.66.74,,,1699
89.241.103.13,,,1700
201.239.161.63,,,1701
91.178.216.10,,,1702
123.125.66.118,,,1703
208.80.193.35,,,1704
220.181.7.129,,,1705
208.115.138.254,,,1706
151.151.16.15,,,1707
66.249.67.23,,,1708
220.181.7.17,,,1709
207.46.12.19,,,1710
66.249.65.147,,,1711
65.55.104.67,,,1712
41.238.23.134,,,1713
65.55.104.53,,,1714
65.55.106.113,,,1715
65.55.104.68,,,1716
207.46.204.222,,,1717
65.55.104.70,,,1718
207.46.12.60,,,1719
220.181.7.85,,,1720
65.55.104.58,,,1721
123.125.66.92,,,1722
212.117.165.179,,,1723
220.181.7.130,,,1724
207.46.13.91,,,1725
65.55.104.60,,,1726
139.130.192.34,,,1727
65.55.104.74,,,1728
207.46.12.72,,,1729
65.55.104.63,,,1730
65.55.104.72,,,1731
220.181.7.95,,,1732
218.108.29.104,,,1733
41.182.204.226,,,1734
220.181.7.90,,,1735
85.115.58.180,,,1736
203.6.203.78,,,1737
81.149.214.9,,,1738
65.55.106.163,,,1739
123.125.66.128,,,1740
66.220.153.245,,,1741
123.125.66.132,,,1742
207.46.199.28,,,1743
162.38.184.98,,,1744
220.181.7.123,,,1745
82.8.197.65,,,1746
80.229.93.121,,,1747
207.46.204.205,,,1748
207.46.204.166,,,1749
123.125.66.87,,,1750
193.219.186.211,,,1751
200.72.149.186,,,1752
86.147.183.211,,,1753
77.103.5.89,,,1754
123.125.66.121,,,1755
123.125.66.81,,,1756
207.46.204.220,,,1757
195.93.21.36,,,1758
190.95.83.35,,,1759
207.46.199.21,,,1760
187.149.125.35,,,1761
200.59.236.106,,,1762
123.125.66.86,,,1763
86.167.66.215,,,1764
201.138.84.32,,,1765
220.181.7.73,,,1766
140.147.236.194,,,1767
201.241.105.239,,,1768
123.125.66.126,,,1769
81.103.107.191,,,1770
88.251.6.53,,,1771
78.180.125.125,,,1772
78.170.93.184,,,1773
190.227.71.9,,,1774
131.111.184.8,,,1775
65.55.106.204,,,1776
72.11.87.44,,,1777
66.249.65.201,,,1778
125.65.165.184,,,1779
67.218.116.130,,,1780
67.218.116.164,,,1781
204.236.211.159,,,1782
84.9.15.15,,,1783
78.33.237.147,,,1784
220.181.7.122,,,1785
216.158.1.201,,,1786
216.129.119.44,,,1787
216.129.119.40,,,1788
66.249.65.237,,,1789
67.218.116.133,,,1790
186.10.26.144,,,1791
74.125.74.131,,,1792
140.117.30.34,,,1793
67.218.116.165,,,1794
200.46.83.245,,,1795
213.81.85.15,,,1796
66.249.65.197,,,1797
220.181.7.57,,,1798
91.214.45.238,,,1799
216.129.119.42,,,1800
216.129.119.12,,,1801
67.218.116.134,,,1802
67.218.116.162,,,1803
123.125.66.72,,,1804
207.46.13.89,,,1805
117.3.4.67,,,1806
38.99.96.115,,,1807
212.219.203.8,,,1808
66.249.65.250,,,1809
216.129.119.13,,,1810
204.236.226.210,,,1811
82.147.20.75,,,1812
66.249.65.205,,,1813
216.129.119.14,,,1814
41.201.78.27,,,1815
164.133.154.130,,,1816
216.129.119.43,,,1817
41.233.47.81,,,1818
200.29.170.58,,,1819
205.178.184.152,,,1820
205.178.184.156,,,1821
67.218.116.163,,,1822
207.46.195.210,,,1823
80.229.196.97,,,1824
67.218.116.166,,,1825
76.99.226.69,,,1826
207.46.12.211,,,1827
207.46.199.14,,,1828
80.218.3.81,,,1829
216.129.119.11,,,1830
216.129.119.41,,,1831
207.46.204.162,,,1832
80.58.205.38,,,1833
96.9.143.181,,,1834
220.181.7.80,,,1835
207.46.199.30,,,1836
200.17.137.79,,,1837
91.125.54.118,,,1838
201.158.83.83,,,1839
88.234.211.237,,,1840
200.75.9.162,,,1841
67.218.116.132,,,1842
195.3.157.254,,,1843
119.63.198.12,,,1844
190.152.115.209,,,1845
220.181.7.55,,,1846
81.18.50.103,,,1847
96.31.166.228,,,1848
69.20.70.86,,,1849
220.181.7.37,,,1850
187.152.19.44,,,1851
212.84.104.108,,,1852
123.125.66.130,,,1853
220.181.7.94,,,1854
70.16.158.35,,,1855
220.181.7.62,,,1856
131.111.48.93,,,1857
196.6.221.4,,,1858
195.221.174.217,,,1859
86.155.91.137,,,1860
78.170.201.167,,,1861
201.234.0.134,,,1862
65.83.116.10,,,1863
67.169.216.38,,,1864
189.145.47.232,,,1865
93.158.148.30,,,1866
83.237.53.215,,,1867
207.46.12.159,,,1868
178.208.75.89,,,1869
65.55.216.44,,,1870
78.175.65.247,,,1871
92.10.174.101,,,1872
190.42.71.178,,,1873
207.46.12.213,,,1874
207.46.12.20,,,1875
69.63.189.246,,,1876
123.125.66.66,,,1877
92.226.192.83,,,1878
88.108.107.235,,,1879
38.100.226.146,,,1880
38.101.148.126,,,1881
119.63.198.7,,,1882
196.205.170.26,,,1883
63.196.142.33,,,1884
189.190.61.172,,,1885
87.220.83.36,,,1886
72.30.161.253,,,1887
220.181.7.52,,,1888
213.22.137.66,,,1889
207.46.12.215,,,1890
207.46.12.18,,,1891
207.46.12.70,,,1892
190.20.78.164,,,1893
188.92.72.172,,,1894
125.71.200.6,,,1895
88.110.181.123,,,1896
207.46.12.204,,,1897
207.46.195.214,,,1898
190.10.54.132,,,1899
110.32.107.33,,,1900
85.101.232.61,,,1901
67.159.60.65,,,1902
220.181.7.65,,,1903
207.46.204.163,,,1904
91.212.226.18,,,1905
122.24.198.239,,,1906
67.195.111.218,,,1907
207.46.204.167,,,1908
212.33.246.66,,,1909
206.81.181.10,,,1910
82.144.245.36,,,1911
207.46.204.209,,,1912
114.78.248.21,,,1913
67.218.116.131,,,1914
81.106.219.129,,,1915
213.55.66.220,,,1916
144.32.126.11,,,1917
188.112.104.7,,,1918
201.167.123.129,,,1919
78.86.201.175,,,1920
186.105.127.219,,,1921
207.46.12.114,,,1922
123.125.66.77,,,1923
77.87.32.102,,,1924
212.69.11.40,,,1925
81.35.239.146,,,1926
200.144.29.106,,,1927
207.46.12.156,,,1928
113.166.45.82,,,1929
204.84.6.88,,,1930
82.45.165.2,,,1931
144.122.120.60,,,1932
71.200.247.45,,,1933
195.191.40.13,,,1934
123.125.66.89,,,1935
161.38.221.197,,,1936
119.63.198.46,,,1937
189.100.174.41,,,1938
207.46.199.16,,,1939
190.42.8.48,,,1940
174.121.88.26,,,1941
220.181.7.20,,,1942
190.160.130.212,,,1943
174.121.75.26,,,1944
207.46.12.161,,,1945
84.9.15.85,,,1946
125.167.253.65,,,1947
207.46.204.172,,,1948
95.14.85.80,,,1949
207.46.195.205,,,1950
207.46.204.211,,,1951
207.46.12.16,,,1952
109.195.140.140,,,1953
207.46.204.212,,,1954
207.46.12.122,,,1955
207.46.12.115,,,1956
207.46.199.26,,,1957
207.46.204.218,,,1958
212.44.6.81,,,1959
78.161.37.154,,,1960
151.12.58.2,,,1961
207.46.195.217,,,1962
207.46.12.160,,,1963
201.35.212.98,,,1964
190.177.151.143,,,1965
66.249.67.52,,,1966
123.125.66.58,,,1967
207.46.12.73,,,1968
84.92.211.193,,,1969
163.247.40.160,,,1970
150.214.36.10,,,1971
74.252.104.34,,,1972
85.146.136.183,,,1973
201.67.172.104,,,1974
69.168.210.10,,,1975
77.21.66.203,,,1976
119.63.198.13,,,1977
38.99.96.81,,,1978
95.172.9.202,,,1979
72.37.171.196,,,1980
66.249.65.118,,,1981
216.129.119.45,,,1982
66.249.65.91,,,1983
124.115.6.11,,,1984
84.9.15.91,,,1985
78.140.138.39,,,1986
72.94.249.38,,,1987
201.251.98.141,,,1988
81.213.125.123,,,1989
188.56.252.215,,,1990
220.181.7.84,,,1991
219.117.193.20,,,1992
131.111.30.57,,,1993
121.10.111.162,,,1994
92.237.78.233,,,1995
67.218.116.170,,,1996
67.218.116.167,,,1997
67.218.116.169,,,1998
216.129.119.46,,,1999
216.129.119.48,,,2000
216.129.119.47,,,2001
67.218.116.168,,,2002
216.129.119.49,,,2003
67.218.116.171,,,2004
84.17.11.114,,,2005
87.79.175.136,,,2006
92.143.147.189,,,2007
86.149.27.173,,,2008
87.77.155.168,,,2009
71.134.241.155,,,2010
88.251.253.113,,,2011
66.220.153.250,,,2012
207.46.195.207,,,2013
190.184.83.117,,,2014
69.63.189.250,,,2015
67.195.115.185,,,2016
200.169.84.236,,,2017
220.181.7.48,,,2018
201.24.176.108,,,2019
207.46.204.168,,,2020
201.17.96.9,,,2021
207.46.12.163,,,2022
88.110.184.44,,,2023
207.46.12.214,,,2024
150.70.66.183,,,2025
92.114.149.154,,,2026
123.125.66.125,,,2027
81.129.143.78,,,2028
178.79.128.23,,,2029
86.29.246.143,,,2030
58.61.164.19,,,2031
220.181.7.126,,,2032
207.46.12.23,,,2033
207.46.12.21,,,2034
82.21.151.16,,,2035
192.100.112.211,,,2036
208.80.193.121,,,2037
207.46.12.29,,,2038
212.45.26.214,,,2039
212.113.36.33,,,2040
196.192.40.21,,,2041
82.154.14.192,,,2042
24.89.237.110,,,2043
193.62.154.252,,,2044
205.178.184.155,,,2045
83.216.132.224,,,2046
78.169.156.26,,,2047
221.38.234.102,,,2048
220.253.148.115,,,2049
88.209.214.246,,,2050
92.23.15.195,,,2051
200.7.224.18,,,2052
217.14.6.72,,,2053
205.175.121.68,,,2054
207.46.193.48,,,2055
190.216.56.34,,,2056
207.46.204.173,,,2057
207.46.12.65,,,2058
201.213.177.111,,,2059
129.123.172.138,,,2060
66.249.66.119,,,2061
187.112.182.148,,,2062
212.84.98.59,,,2063
207.46.199.32,,,2064
24.130.88.151,,,2065
118.97.69.146,,,2066
207.46.12.13,,,2067
125.160.221.98,,,2068
65.52.108.58,,,2069
85.26.173.176,,,2070
84.26.11.235,,,2071
207.46.204.210,,,2072
86.186.97.227,,,2073
178.63.9.74,,,2074
201.240.112.249,,,2075
221.130.7.102,,,2076
95.130.10.37,,,2077
207.46.194.64,,,2078
92.75.233.143,,,2079
190.174.20.90,,,2080
207.46.194.71,,,2081
131.111.139.104,,,2082
78.40.195.72,,,2083
38.99.97.115,,,2084
66.249.71.14,,,2085
94.100.181.99,,,2086
123.125.66.75,,,2087
207.46.12.14,,,2088
220.181.7.109,,,2089
190.177.37.247,,,2090
88.110.142.186,,,2091
150.70.84.48,,,2092
207.46.199.217,,,2093
131.111.113.4,,,2094
194.83.252.163,,,2095
59.177.98.161,,,2096
80.3.184.52,,,2097
207.46.12.22,,,2098
62.62.128.161,,,2099
86.170.3.133,,,2100
193.145.124.210,,,2101
109.172.40.197,,,2102
92.43.64.71,,,2103
190.138.81.82,,,2104
212.183.222.26,,,2105
94.197.186.18,,,2106
207.46.12.69,,,2107
88.209.233.194,,,2108
80.176.145.20,,,2109
86.170.206.83,,,2110
187.12.84.146,,,2111
209.85.228.84,,,2112
62.80.246.145,,,2113
86.162.155.237,,,2114
66.249.66.110,,,2115
92.240.68.153,,,2116
131.111.248.8,,,2117
88.131.106.22,,,2118
81.151.179.228,,,2119
190.174.18.228,,,2120
66.249.66.55,,,2121
84.9.15.113,,,2122
125.163.165.84,,,2123
71.185.144.111,,,2124
68.206.137.36,,,2125
220.181.66.165,,,2126
78.161.41.227,,,2127
59.177.106.226,,,2128
203.82.81.79,,,2129
87.113.186.3,,,2130
202.29.18.253,,,2131
212.138.69.19,,,2132
212.138.69.18,,,2133
212.138.47.16,,,2134
212.138.69.17,,,2135
212.138.69.24,,,2136
66.249.65.101,,,2137
82.133.117.157,,,2138
72.152.246.116,,,2139
88.191.117.43,,,2140
117.199.121.84,,,2141
190.138.185.39,,,2142
213.105.191.87,,,2143
200.106.98.153,,,2144
90.195.174.244,,,2145
77.206.38.104,,,2146
190.48.14.244,,,2147
86.159.87.69,,,2148
71.136.42.54,,,2149
82.132.248.18,,,2150
186.18.24.83,,,2151
24.201.124.118,,,2152
200.112.70.191,,,2153
220.181.7.106,,,2154
87.114.185.54,,,2155
190.42.151.148,,,2156
118.96.3.81,,,2157
147.210.209.38,,,2158
200.140.95.14,,,2159
207.46.12.200,,,2160
193.169.86.70,,,2161
86.9.95.81,,,2162
66.249.65.102,,,2163
190.178.74.53,,,2164
24.39.211.14,,,2165
81.243.139.104,,,2166
81.105.176.121,,,2167
86.181.91.73,,,2168
130.235.101.29,,,2169
190.246.102.231,,,2170
86.176.120.79,,,2171
201.19.121.73,,,2172
217.39.77.7,,,2173
86.26.11.184,,,2174
88.251.114.154,,,2175
190.235.209.81,,,2176
86.132.179.113,,,2177
76.188.204.130,,,2178
220.181.7.44,,,2179
93.158.147.30,,,2180
84.9.15.88,,,2181
87.117.190.71,,,2182
61.64.137.220,,,2183
86.148.224.206,,,2184
92.243.84.187,,,2185
81.213.163.250,,,2186
66.235.124.73,,,2187
119.225.90.242,,,2188
202.173.180.65,,,2189
80.4.121.82,,,2190
81.144.199.141,,,2191
212.69.53.218,,,2192
81.102.15.200,,,2193
200.90.194.2,,,2194
109.205.114.162,,,2195
93.158.147.29,,,2196
91.111.70.120,,,2197
78.105.202.139,,,2198
187.35.240.162,,,2199
193.105.254.165,,,2200
91.109.114.7,,,2201
81.192.199.83,,,2202
190.208.109.4,,,2203
78.145.213.196,,,2204
62.24.222.132,,,2205
62.24.222.131,,,2206
220.181.7.23,,,2207
133.70.80.17,,,2208
212.84.97.184,,,2209
207.46.12.207,,,2210
66.249.65.251,,,2211
38.105.83.12,,,2212
85.103.55.116,,,2213
91.86.30.107,,,2214
208.80.193.40,,,2215
60.52.86.7,,,2216
128.176.85.113,,,2217
146.83.205.130,,,2218
86.132.49.124,,,2219
190.178.65.153,,,2220
62.254.10.169,,,2221
64.118.27.112,,,2222
66.249.66.247,,,2223
64.233.172.1,,,2224
190.177.185.228,,,2225
69.63.181.245,,,2226
66.249.65.219,,,2227
66.249.65.213,,,2228
92.236.82.48,,,2229
66.249.66.23,,,2230
87.113.244.143,,,2231
208.80.193.58,,,2232
116.125.140.8,,,2233
75.52.240.89,,,2234
82.77.138.134,,,2235
208.71.173.74,,,2236
86.136.148.11,,,2237
61.8.252.134,,,2238
217.36.123.213,,,2239
81.187.204.46,,,2240
85.97.191.193,,,2241
184.73.19.148,,,2242
211.100.19.216,,,2243
94.194.177.235,,,2244
199.133.185.22,,,2245
82.23.63.75,,,2246
86.15.59.129,,,2247
188.102.199.147,,,2248
94.142.134.218,,,2249
87.117.190.35,,,2250
66.249.65.238,,,2251
189.32.163.238,,,2252
205.175.121.127,,,2253
65.55.51.69,,,2254
190.232.218.210,,,2255
84.9.15.23,,,2256
222.124.207.5,,,2257
203.173.161.117,,,2258
65.55.51.114,,,2259
219.133.105.219,,,2260
209.59.172.198,,,2261
66.249.65.230,,,2262
38.99.98.110,,,2263
93.158.147.28,,,2264
65.55.51.70,,,2265
118.97.12.43,,,2266
65.55.51.115,,,2267
66.249.71.69,,,2268
201.216.217.101,,,2269
163.10.199.46,,,2270
201.197.32.18,,,2271
213.218.142.100,,,2272
217.20.118.75,,,2273
80.176.135.205,,,2274
82.69.17.167,,,2275
66.249.71.17,,,2276
200.89.58.117,,,2277
75.172.54.106,,,2278
62.194.121.218,,,2279
84.92.243.246,,,2280
187.37.165.10,,,2281
66.249.65.181,,,2282
66.249.65.129,,,2283
212.84.120.115,,,2284
62.122.211.4,,,2285
70.36.101.58,,,2286
74.222.3.202,,,2287
194.136.238.200,,,2288
115.238.100.218,,,2289
82.169.153.173,,,2290
66.249.65.188,,,2291
58.61.164.40,,,2292
204.68.97.131,,,2293
58.61.164.141,,,2294
77.255.46.240,,,2295
66.249.82.65,,,2296
86.12.71.220,,,2297
109.153.161.208,,,2298
81.133.182.201,,,2299
188.3.162.140,,,2300
209.85.226.82,,,2301
86.31.194.166,,,2302
86.160.134.54,,,2303
121.52.147.11,,,2304
77.99.11.16,,,2305
64.246.165.170,,,2306
66.249.65.183,,,2307
85.103.107.43,,,2308
86.164.137.238,,,2309
79.203.126.137,,,2310
66.220.153.246,,,2311
65.55.2.140,,,2312
66.220.156.246,,,2313
66.249.65.186,,,2314
90.41.186.83,,,2315
65.55.51.110,,,2316
187.59.124.151,,,2317
119.63.198.57,,,2318
212.44.26.65,,,2319
66.249.66.87,,,2320
220.181.7.50,,,2321
84.9.15.119,,,2322
201.240.89.203,,,2323
82.9.80.234,,,2324
94.76.115.103,,,2325
66.249.65.55,,,2326
207.46.194.62,,,2327
87.66.176.239,,,2328
78.163.97.51,,,2329
61.222.216.248,,,2330
207.46.12.28,,,2331
125.25.136.72,,,2332
77.176.172.85,,,2333
74.222.5.226,,,2334
94.30.63.42,,,2335
99.178.174.222,,,2336
86.17.195.117,,,2337
134.93.246.83,,,2338
219.149.151.12,,,2339
190.42.32.78,,,2340
71.15.46.86,,,2341
65.55.2.141,,,2342
129.67.180.27,,,2343
202.143.86.43,,,2344
66.249.65.9,,,2345
86.138.56.48,,,2346
119.63.198.59,,,2347
66.249.65.40,,,2348
212.84.106.244,,,2349
220.181.7.13,,,2350
66.249.65.25,,,2351
66.249.65.53,,,2352
62.44.82.142,,,2353
207.46.199.246,,,2354
66.249.65.17,,,2355
65.52.108.59,,,2356
121.121.81.13,,,2357
66.249.65.15,,,2358
66.249.65.3,,,2359
218.248.47.31,,,2360
58.168.45.141,,,2361
88.110.174.201,,,2362
221.13.79.34,,,2363
95.147.157.25,,,2364
82.29.230.103,,,2365
66.249.65.44,,,2366
66.249.65.249,,,2367
86.31.131.11,,,2368
77.20.131.215,,,2369
74.125.154.86,,,2370
217.35.89.39,,,2371
91.84.110.171,,,2372
72.14.212.86,,,2373
74.125.154.85,,,2374
74.125.154.81,,,2375
98.240.179.226,,,2376
213.180.207.227,,,2377
200.98.197.72,,,2378
119.63.198.100,,,2379
119.63.198.80,,,2380
99.135.46.206,,,2381
213.5.64.179,,,2382
80.152.132.137,,,2383
77.93.2.81,,,2384
67.248.184.24,,,2385
194.44.171.0,,,2386
208.80.194.31,,,2387
124.115.1.8,,,2388
86.14.237.19,,,2389
58.61.164.139,,,2390
82.6.104.140,,,2391
66.249.71.43,,,2392
88.234.141.141,,,2393
88.224.214.191,,,2394
213.74.238.127,,,2395
78.179.190.171,,,2396
78.166.98.22,,,2397
69.153.192.161,,,2398
82.45.75.197,,,2399
86.183.223.89,,,2400
212.103.103.123,,,2401
86.2.101.35,,,2402
189.4.36.27,,,2403
119.63.198.55,,,2404
66.249.65.46,,,2405
66.249.65.60,,,2406
65.52.192.56,,,2407
66.249.65.54,,,2408
66.249.65.33,,,2409
207.46.204.221,,,2410
220.181.7.35,,,2411
131.162.135.54,,,2412
208.80.194.30,,,2413
207.46.12.241,,,2414
202.28.181.11,,,2415
65.52.49.139,,,2416
208.80.194.34,,,2417
95.147.240.120,,,2418
95.134.188.223,,,2419
150.70.66.178,,,2420
92.201.186.46,,,2421
67.202.27.97,,,2422
67.202.40.158,,,2423
82.166.163.10,,,2424
79.125.65.174,,,2425
65.52.49.141,,,2426
72.14.212.80,,,2427
65.52.51.178,,,2428
65.52.49.76,,,2429
64.56.66.178,,,2430
80.139.117.254,,,2431
65.52.51.179,,,2432
62.163.142.48,,,2433
119.63.198.26,,,2434
74.125.154.82,,,2435
115.87.84.141,,,2436
221.226.2.179,,,2437
65.52.53.245,,,2438
137.132.250.14,,,2439
87.83.212.224,,,2440
190.178.216.113,,,2441
130.95.128.51,,,2442
194.176.105.96,,,2443
71.42.94.114,,,2444
131.114.145.12,,,2445
65.52.53.243,,,2446
207.46.199.232,,,2447
194.126.0.37,,,2448
198.145.243.40,,,2449
202.28.179.13,,,2450
82.6.100.96,,,2451
144.120.8.37,,,2452
65.52.53.244,,,2453
76.15.15.19,,,2454
88.31.187.195,,,2455
65.52.51.180,,,2456
190.204.5.36,,,2457
146.164.124.2,,,2458
187.54.152.150,,,2459
189.174.1.254,,,2460
190.22.217.94,,,2461
78.181.60.187,,,2462
86.129.58.157,,,2463
189.43.141.95,,,2464
81.192.238.98,,,2465
82.0.42.25,,,2466
119.63.198.62,,,2467
207.46.12.237,,,2468
66.249.66.69,,,2469
65.55.25.153,,,2470
208.80.194.32,,,2471
67.67.221.106,,,2472
78.149.129.26,,,2473
211.184.197.28,,,2474
193.153.59.17,,,2475
221.120.69.12,,,2476
207.46.12.238,,,2477
209.85.226.85,,,2478
78.165.162.176,,,2479
194.80.225.3,,,2480
85.12.76.63,,,2481
24.203.199.62,,,2482
64.5.40.122,,,2483
217.127.207.201,,,2484
125.26.24.228,,,2485
94.23.47.174,,,2486
91.125.64.155,,,2487
75.92.139.40,,,2488
123.125.66.25,,,2489
123.125.66.20,,,2490
87.89.71.164,,,2491
66.249.67.116,,,2492
69.236.181.116,,,2493
201.250.14.1,,,2494
76.127.179.45,,,2495
188.138.56.55,,,2496
205.209.170.2,,,2497
202.28.35.3,,,2498
88.227.153.125,,,2499
66.220.153.248,,,2500
93.97.64.94,,,2501
217.230.95.128,,,2502
83.232.171.115,,,2503
91.84.179.18,,,2504
84.10.34.235,,,2505
66.249.65.247,,,2506
66.249.65.193,,,2507
66.249.65.244,,,2508
89.240.170.129,,,2509
175.157.70.240,,,2510
66.220.153.249,,,2511
38.99.96.26,,,2512
41.234.250.54,,,2513
93.232.196.178,,,2514
66.249.65.215,,,2515
85.138.224.98,,,2516
72.14.202.80,,,2517
80.165.184.69,,,2518
189.114.88.87,,,2519
88.228.111.39,,,2520
88.104.52.235,,,2521
63.245.15.21,,,2522
69.117.130.68,,,2523
201.81.53.165,,,2524
173.178.232.48,,,2525
123.125.67.162,,,2526
123.125.67.164,,,2527
190.27.151.33,,,2528
125.74.72.5,,,2529
125.74.92.152,,,2530
67.172.124.157,,,2531
69.140.154.51,,,2532
190.40.161.231,,,2533
190.42.209.5,,,2534
98.245.31.195,,,2535
137.108.145.250,,,2536
207.46.195.106,,,2537
203.127.156.178,,,2538
95.121.201.235,,,2539
78.183.210.192,,,2540
86.133.60.160,,,2541
92.11.204.108,,,2542
82.166.163.12,,,2543
193.194.69.37,,,2544
94.179.22.60,,,2545
221.79.18.137,,,2546
164.73.160.15,,,2547
212.117.175.52,,,2548
88.237.212.59,,,2549
170.210.241.133,,,2550
201.197.69.26,,,2551
81.107.46.69,,,2552
91.212.226.56,,,2553
88.131.106.2,,,2554
88.131.106.8,,,2555
200.121.157.192,,,2556
93.96.151.21,,,2557
212.113.35.162,,,2558
128.187.0.183,,,2559
64.56.64.83,,,2560
88.131.106.1,,,2561
88.131.106.7,,,2562
78.97.202.54,,,2563
85.150.201.32,,,2564
82.32.41.64,,,2565
88.131.106.5,,,2566
88.131.106.6,,,2567
187.133.157.147,,,2568
65.52.49.140,,,2569
158.195.106.40,,,2570
187.105.131.119,,,2571
173.203.51.205,,,2572
208.80.194.37,,,2573
69.28.58.3,,,2574
86.31.1.89,,,2575
38.99.96.85,,,2576
83.67.116.164,,,2577
92.234.37.208,,,2578
124.122.68.134,,,2579
200.27.104.244,,,2580
200.135.252.12,,,2581
95.33.150.38,,,2582
109.8.14.253,,,2583
200.125.156.238,,,2584
78.105.232.8,,,2585
78.13.233.98,,,2586
94.3.69.89,,,2587
91.97.82.57,,,2588
190.137.31.176,,,2589
90.195.252.77,,,2590
99.96.244.76,,,2591
18.111.43.87,,,2592
74.191.68.194,,,2593
97.230.161.44,,,2594
194.76.64.11,,,2595
212.6.98.2,,,2596
69.28.58.10,,,2597
59.90.141.138,,,2598
91.120.50.1,,,2599
117.211.28.46,,,2600
178.168.24.60,,,2601
207.46.12.110,,,2602
190.199.162.217,,,2603
80.229.248.145,,,2604
200.63.82.183,,,2605
76.8.67.164,,,2606
69.28.58.5,,,2607
81.233.15.17,,,2608
90.31.192.100,,,2609
113.165.217.197,,,2610
207.30.247.131,,,2611
123.125.66.15,,,2612
123.125.66.42,,,2613
38.111.147.84,,,2614
64.246.165.160,,,2615
120.21.120.3,,,2616
123.125.67.167,,,2617
150.70.75.162,,,2618
212.174.30.174,,,2619
113.53.67.110,,,2620
85.210.94.222,,,2621
190.139.5.6,,,2622
78.84.193.155,,,2623
38.100.41.66,,,2624
94.192.173.16,,,2625
86.24.17.102,,,2626
123.24.9.170,,,2627
190.42.236.30,,,2628
91.37.165.48,,,2629
41.145.214.230,,,2630
209.85.226.80,,,2631
79.109.146.235,,,2632
24.68.112.145,,,2633
83.96.132.75,,,2634
190.42.127.245,,,2635
125.74.80.102,,,2636
125.74.85.142,,,2637
205.203.134.197,,,2638
188.58.221.134,,,2639
66.249.65.209,,,2640
190.81.173.34,,,2641
190.42.98.98,,,2642
68.198.224.228,,,2643
109.104.76.142,,,2644
60.240.67.178,,,2645
88.30.2.151,,,2646
190.177.134.49,,,2647
79.167.144.74,,,2648
216.171.98.77,,,2649
184.73.64.218,,,2650
193.190.117.167,,,2651
66.249.65.207,,,2652
213.78.40.226,,,2653
202.184.111.88,,,2654
93.232.177.29,,,2655
147.162.223.90,,,2656
145.53.154.237,,,2657
123.125.66.35,,,2658
123.125.66.44,,,2659
220.181.7.26,,,2660
93.108.214.209,,,2661
95.144.132.237,,,2662
190.178.98.57,,,2663
201.253.151.141,,,2664
187.40.187.187,,,2665
91.66.129.63,,,2666
184.72.181.179,,,2667
90.244.16.179,,,2668
190.36.2.70,,,2669
142.150.214.170,,,2670
91.205.96.19,,,2671
67.195.114.247,,,2672
76.117.126.149,,,2673
208.80.194.47,,,2674
95.168.183.233,,,2675
66.249.65.27,,,2676
66.249.65.5,,,2677
88.84.142.122,,,2678
186.140.134.4,,,2679
68.36.234.1,,,2680
188.107.224.208,,,2681
66.249.65.58,,,2682
87.112.234.70,,,2683
81.102.239.181,,,2684
74.208.133.38,,,2685
81.119.50.158,,,2686
200.246.13.2,,,2687
220.226.206.108,,,2688
119.230.103.254,,,2689
134.102.228.73,,,2690
77.238.187.19,,,2691
77.238.187.18,,,2692
190.82.60.53,,,2693
98.227.248.58,,,2694
200.72.159.19,,,2695
200.72.159.6,,,2696
87.67.106.100,,,2697
206.41.88.206,,,2698
207.189.121.45,,,2699
95.108.158.233,,,2700
200.1.202.97,,,2701
207.189.121.44,,,2702
79.142.66.55,,,2703
93.36.109.230,,,2704
86.171.20.180,,,2705
189.62.185.99,,,2706
189.214.30.49,,,2707
138.16.30.203,,,2708
78.182.210.73,,,2709
60.165.80.225,,,2710
125.74.86.134,,,2711
208.80.194.58,,,2712
24.117.203.126,,,2713
70.80.131.101,,,2714
202.180.34.186,,,2715
151.201.241.132,,,2716
125.74.79.145,,,2717
123.125.66.16,,,2718
217.117.216.14,,,2719
213.106.174.22,,,2720
208.80.194.51,,,2721
66.249.65.21,,,2722
66.249.65.49,,,2723
66.197.139.197,,,2724
91.205.96.13,,,2725
208.80.194.60,,,2726
208.80.194.61,,,2727
65.55.55.216,,,2728
66.249.65.23,,,2729
123.125.66.18,,,2730
59.95.14.128,,,2731
78.163.34.226,,,2732
79.236.62.23,,,2733
190.172.143.250,,,2734
123.125.66.102,,,2735
91.201.66.142,,,2736
24.46.21.221,,,2737
61.166.32.122,,,2738
220.181.125.72,,,2739
220.181.94.217,,,2740
187.78.54.250,,,2741
190.226.101.30,,,2742
222.155.3.214,,,2743
64.182.124.219,,,2744
96.25.78.38,,,2745
58.61.164.140,,,2746
190.22.109.98,,,2747
186.2.136.37,,,2748
216.230.133.69,,,2749
89.104.228.146,,,2750
111.160.70.231,,,2751
124.82.130.250,,,2752
81.187.240.239,,,2753
134.176.167.19,,,2754
194.82.141.212,,,2755
201.0.141.207,,,2756
87.160.164.153,,,2757
62.49.242.126,,,2758
209.85.228.85,,,2759
93.48.85.62,,,2760
208.43.40.94,,,2761
2.124.47.95,,,2762
87.175.47.224,,,2763
69.28.58.4,,,2764
209.85.228.82,,,2765
151.60.51.0,,,2766
132.248.203.103,,,2767
66.249.65.79,,,2768
158.170.249.114,,,2769
213.186.120.196,,,2770
220.181.7.24,,,2771
213.186.122.2,,,2772
213.186.122.3,,,2773
90.48.236.242,,,2774
66.249.65.117,,,2775
186.124.161.87,,,2776
63.197.146.249,,,2777
83.188.249.214,,,2778
71.142.233.195,,,2779
117.53.96.161,,,2780
66.249.65.99,,,2781
201.92.166.75,,,2782
66.249.67.107,,,2783
69.28.58.9,,,2784
125.234.22.26,,,2785
190.82.11.101,,,2786
201.220.233.82,,,2787
131.111.1.66,,,2788
124.67.108.2,,,2789
85.102.63.44,,,2790
88.104.112.69,,,2791
213.240.251.202,,,2792
141.6.11.13,,,2793
66.249.67.142,,,2794
66.249.67.174,,,2795
66.249.67.232,,,2796
41.71.136.52,,,2797
207.46.194.149,,,2798
79.145.199.170,,,2799
64.150.17.6,,,2800
212.123.141.89,,,2801
86.13.68.205,,,2802
207.46.199.214,,,2803
123.125.66.24,,,2804
123.125.66.33,,,2805
123.125.66.113,,,2806
123.125.66.32,,,2807
123.125.66.52,,,2808
123.125.66.48,,,2809
123.125.66.101,,,2810
123.125.66.100,,,2811
123.125.66.115,,,2812
123.125.66.21,,,2813
216.73.67.133,,,2814
123.125.66.107,,,2815
123.125.66.29,,,2816
123.125.66.106,,,2817
123.125.66.116,,,2818
188.134.41.2,,,2819
123.125.66.111,,,2820
123.125.66.103,,,2821
123.125.66.114,,,2822
123.125.66.108,,,2823
123.125.66.39,,,2824
131.111.185.69,,,2825
208.176.117.46,,,2826
86.22.78.224,,,2827
78.181.49.238,,,2828
66.249.65.133,,,2829
178.63.19.47,,,2830
72.14.202.85,,,2831
72.14.202.86,,,2832
121.120.21.129,,,2833
189.130.100.69,,,2834
115.70.136.226,,,2835
61.183.9.246,,,2836
66.249.65.141,,,2837
79.130.7.205,,,2838
69.63.190.247,,,2839
69.63.181.249,,,2840
188.40.42.56,,,2841
192.31.21.150,,,2842
83.21.109.110,,,2843
69.63.190.251,,,2844
79.6.5.244,,,2845
89.146.150.123,,,2846
70.76.80.251,,,2847
111.88.36.0,,,2848
94.123.45.237,,,2849
76.214.49.83,,,2850
84.38.11.181,,,2851
66.220.146.249,,,2852
208.91.113.20,,,2853
38.104.134.114,,,2854
189.27.5.111,,,2855
69.28.58.8,,,2856
209.85.228.80,,,2857
85.137.193.239,,,2858
78.165.249.80,,,2859
69.125.177.99,,,2860
190.216.30.106,,,2861
71.41.201.37,,,2862
190.82.56.38,,,2863
201.51.230.237,,,2864
190.234.217.86,,,2865
200.111.191.106,,,2866
83.21.114.48,,,2867
202.188.40.25,,,2868
71.38.211.186,,,2869
119.194.129.68,,,2870
66.249.65.180,,,2871
59.93.242.131,,,2872
120.17.201.253,,,2873
66.249.65.179,,,2874
192.91.247.212,,,2875
88.131.106.3,,,2876
193.62.194.248,,,2877
62.43.59.94,,,2878
77.161.112.163,,,2879
131.111.37.225,,,2880
112.135.38.200,,,2881
88.196.244.221,,,2882
85.12.96.12,,,2883
92.43.64.72,,,2884
132.230.190.44,,,2885
88.74.17.94,,,2886
189.98.102.40,,,2887
201.230.61.92,,,2888
116.14.14.249,,,2889
81.137.117.17,,,2890
207.244.147.95,,,2891
92.113.45.116,,,2892
208.80.194.62,,,2893
52.129.8.52,,,2894
195.191.54.115,,,2895
190.139.111.98,,,2896
69.28.58.6,,,2897
80.137.217.246,,,2898
64.25.151.66,,,2899
190.82.39.10,,,2900
123.125.66.53,,,2901
123.125.66.19,,,2902
142.13.18.101,,,2903
62.38.61.146,,,2904
72.73.169.204,,,2905
190.210.79.129,,,2906
123.125.71.15,,,2907
220.181.108.87,,,2908
123.125.71.21,,,2909
220.181.108.85,,,2910
69.159.19.167,,,2911
123.125.71.26,,,2912
159.226.100.225,,,2913
123.125.71.30,,,2914
220.181.108.90,,,2915
66.249.65.175,,,2916
123.125.71.20,,,2917
220.181.108.88,,,2918
66.249.65.135,,,2919
123.125.71.19,,,2920
220.181.108.91,,,2921
69.28.58.2,,,2922
220.181.108.93,,,2923
123.125.71.13,,,2924
220.181.108.89,,,2925
123.125.71.32,,,2926
66.249.65.139,,,2927
89.123.60.205,,,2928
123.125.71.14,,,2929
220.181.108.75,,,2930
124.180.11.89,,,2931
121.247.162.171,,,2932
220.181.108.95,,,2933
69.28.58.7,,,2934
81.144.199.142,,,2935
131.111.119.84,,,2936
74.205.121.229,,,2937
220.181.108.97,,,2938
190.50.96.152,,,2939
208.80.194.35,,,2940
190.160.117.70,,,2941
123.125.71.24,,,2942
123.125.71.33,,,2943
220.181.108.96,,,2944
91.86.150.144,,,2945
114.26.163.80,,,2946
187.140.5.243,,,2947
123.125.71.29,,,2948
220.181.108.80,,,2949
123.125.71.31,,,2950
220.181.108.84,,,2951
96.237.242.211,,,2952
79.114.230.112,,,2953
123.125.71.35,,,2954
69.136.235.77,,,2955
205.178.190.235,,,2956
205.178.190.234,,,2957
205.178.190.237,,,2958
90.211.77.72,,,2959
123.125.71.22,,,2960
72.27.74.180,,,2961
123.125.71.12,,,2962
220.181.108.77,,,2963
190.152.130.84,,,2964
190.228.123.6,,,2965
190.196.172.140,,,2966
190.203.47.127,,,2967
220.181.108.86,,,2968
123.125.71.23,,,2969
91.146.61.3,,,2970
123.125.71.18,,,2971
220.181.108.82,,,2972
85.70.23.139,,,2973
94.27.71.147,,,2974
220.181.108.76,,,2975
91.23.151.248,,,2976
207.46.12.111,,,2977
123.125.71.25,,,2978
220.181.108.92,,,2979
186.20.102.43,,,2980
209.85.228.83,,,2981
92.137.201.73,,,2982
209.85.228.81,,,2983
123.125.71.28,,,2984
220.181.108.78,,,2985
220.181.108.81,,,2986
161.139.195.224,,,2987
91.60.36.201,,,2988
72.14.194.17,,,2989
74.125.64.84,,,2990
186.57.152.106,,,2991
201.251.14.196,,,2992
86.140.122.59,,,2993
190.172.172.45,,,2994
123.125.71.17,,,2995
201.217.99.206,,,2996
66.249.65.145,,,2997
118.3.190.49,,,2998
186.105.215.82,,,2999
218.213.130.92,,,3000
74.125.156.82,,,3001
201.48.51.213,,,3002
66.249.71.23,,,3003
123.125.71.16,,,3004
88.191.64.28,,,3005
118.68.66.162,,,3006
207.46.12.236,,,3007
125.164.6.91,,,3008
123.125.71.36,,,3009
72.241.35.19,,,3010
132.230.190.53,,,3011
84.43.181.225,,,3012
65.52.110.64,,,3013
81.53.104.43,,,3014
109.182.130.51,,,3015
115.248.189.17,,,3016
178.78.103.27,,,3017
187.23.101.66,,,3018
66.249.65.171,,,3019
67.19.79.218,,,3020
207.46.193.36,,,3021
74.125.16.68,,,3022
193.55.4.221,,,3023
123.125.71.27,,,3024
201.62.121.15,,,3025
132.247.241.252,,,3026
218.213.130.181,,,3027
220.181.108.83,,,3028
89.120.214.247,,,3029
201.246.137.3,,,3030
90.216.236.18,,,3031
190.49.48.127,,,3032
190.16.159.91,,,3033
82.169.15.201,,,3034
38.99.97.64,,,3035
98.225.73.2,,,3036
84.174.76.93,,,3037
208.80.194.29,,,3038
67.142.174.22,,,3039
173.33.222.134,,,3040
205.209.170.26,,,3041
190.230.139.148,,,3042
74.125.75.19,,,3043
64.233.172.20,,,3044
74.125.158.81,,,3045
174.89.119.88,,,3046
220.181.108.94,,,3047
190.49.32.29,,,3048
190.195.14.222,,,3049
121.121.186.134,,,3050
190.40.79.36,,,3051
117.205.130.25,,,3052
190.172.5.182,,,3053
95.168.191.212,,,3054
77.164.222.101,,,3055
74.125.64.82,,,3056
189.71.66.11,,,3057
72.14.202.84,,,3058
72.14.202.87,,,3059
72.14.202.82,,,3060
72.14.202.83,,,3061
74.125.152.84,,,3062
50.16.93.20,,,3063
218.213.130.6,,,3064
65.52.110.51,,,3065
59.161.123.2,,,3066
190.49.46.235,,,3067
220.181.7.103,,,3068
190.97.52.108,,,3069
92.54.188.11,,,3070
24.20.22.69,,,3071
38.99.96.178,,,3072
187.10.169.184,,,3073
168.176.5.136,,,3074
2.146.136.218,,,3075
194.72.238.61,,,3076
94.73.27.121,,,3077
95.145.206.242,,,3078
186.10.155.8,,,3079
93.159.111.91,,,3080
200.35.39.231,,,3081
99.181.55.173,,,3082
138.75.200.5,,,3083
200.59.253.77,,,3084
186.2.44.66,,,3085
174.132.16.36,,,3086
83.20.169.14,,,3087
66.249.67.72,,,3088
88.103.54.103,,,3089
110.75.176.7,,,3090
65.52.110.69,,,3091
209.85.226.81,,,3092
89.121.138.72,,,3093
66.249.82.1,,,3094
66.249.85.65,,,3095
130.76.96.149,,,3096
74.125.152.83,,,3097
74.125.152.86,,,3098
74.125.152.81,,,3099
72.14.202.81,,,3100
220.249.99.187,,,3101
72.237.90.227,,,3102
91.140.111.114,,,3103
189.97.241.212,,,3104
132.230.191.154,,,3105
95.135.136.198,,,3106
123.125.71.94,,,3107
123.125.71.110,,,3108
213.60.230.232,,,3109
209.249.53.110,,,3110
74.201.117.226,,,3111
137.122.30.184,,,3112
207.46.194.140,,,3113
95.119.103.180,,,3114
80.162.231.63,,,3115
208.80.194.26,,,3116
66.181.244.222,,,3117
207.46.194.134,,,3118
123.125.71.102,,,3119
186.122.12.58,,,3120
115.70.127.1,,,3121
88.23.128.126,,,3122
188.65.178.159,,,3123
69.28.58.35,,,3124
208.80.194.33,,,3125
202.127.145.232,,,3126
219.204.60.168,,,3127
66.249.72.110,,,3128
118.3.214.5,,,3129
95.105.24.22,,,3130
81.233.208.72,,,3131
123.125.71.97,,,3132
222.165.130.214,,,3133
202.216.241.194,,,3134
201.19.143.85,,,3135
208.99.244.15,,,3136
117.198.87.166,,,3137
81.88.8.124,,,3138
213.61.192.83,,,3139
89.179.88.36,,,3140
91.45.168.244,,,3141
189.236.46.36,,,3142
86.8.137.67,,,3143
123.125.71.108,,,3144
190.82.29.8,,,3145
24.190.3.171,,,3146
74.125.154.84,,,3147
187.136.63.71,,,3148
83.163.102.85,,,3149
178.120.10.6,,,3150
96.48.155.59,,,3151
74.125.112.86,,,3152
74.125.112.85,,,3153
74.125.112.84,,,3154
74.125.114.82,,,3155
74.125.114.80,,,3156
74.125.114.81,,,3157
74.125.112.83,,,3158
74.125.112.81,,,3159
74.125.112.87,,,3160
74.125.112.80,,,3161
201.165.126.176,,,3162
98.196.57.213,,,3163
71.8.121.48,,,3164
189.101.74.142,,,3165
71.234.229.2,,,3166
69.255.117.151,,,3167
67.88.123.195,,,3168
68.35.184.115,,,3169
97.119.130.150,,,3170
173.18.36.238,,,3171
66.236.154.162,,,3172
66.214.82.211,,,3173
74.233.57.44,,,3174
98.250.131.249,,,3175
68.50.105.98,,,3176
24.236.217.191,,,3177
68.81.198.137,,,3178
76.124.60.49,,,3179
70.89.92.33,,,3180
67.190.159.184,,,3181
93.35.230.72,,,3182
71.14.99.47,,,3183
99.22.8.92,,,3184
66.30.168.63,,,3185
24.118.93.108,,,3186
24.112.158.242,,,3187
71.228.205.99,,,3188
69.248.84.249,,,3189
75.61.138.187,,,3190
186.84.91.201,,,3191
97.87.99.197,,,3192
71.225.172.137,,,3193
190.152.48.224,,,3194
24.98.254.92,,,3195
173.190.231.81,,,3196
76.126.32.77,,,3197
74.125.112.82,,,3198
209.203.93.196,,,3199
76.231.163.26,,,3200
65.52.109.59,,,3201
67.188.179.212,,,3202
68.58.219.6,,,3203
98.234.179.185,,,3204
123.8.142.51,,,3205
68.9.93.217,,,3206
173.12.50.33,,,3207
93.13.181.122,,,3208
24.34.191.64,,,3209
68.55.72.78,,,3210
76.99.48.91,,,3211
68.38.235.185,,,3212
98.207.131.25,,,3213
140.239.54.70,,,3214
68.5.190.201,,,3215
75.150.54.249,,,3216
67.170.13.185,,,3217
68.99.132.62,,,3218
157.100.229.27,,,3219
212.246.66.238,,,3220
98.163.227.30,,,3221
24.179.151.130,,,3222
66.190.129.183,,,3223
98.225.51.144,,,3224
98.200.101.184,,,3225
72.220.162.66,,,3226
68.44.182.107,,,3227
63.151.141.71,,,3228
67.176.58.119,,,3229
98.214.248.189,,,3230
64.244.130.34,,,3231
76.26.229.139,,,3232
150.70.64.194,,,3233
68.47.16.207,,,3234
68.199.178.139,,,3235
74.129.176.213,,,3236
98.229.146.5,,,3237
68.37.27.54,,,3238
99.172.158.249,,,3239
75.68.27.95,,,3240
67.183.42.228,,,3241
68.55.121.177,,,3242
71.231.113.168,,,3243
76.23.152.4,,,3244
68.6.190.149,,,3245
93.136.48.177,,,3246
76.124.184.240,,,3247
71.56.236.220,,,3248
24.205.129.206,,,3249
71.227.220.140,,,3250
70.176.245.68,,,3251
199.19.249.196,,,3252
157.55.16.230,,,3253
195.77.128.4,,,3254
188.25.239.58,,,3255
24.130.248.2,,,3256
173.80.81.2,,,3257
69.224.50.241,,,3258
219.76.144.54,,,3259
97.126.184.78,,,3260
99.23.190.87,,,3261
194.103.228.50,,,3262
121.52.154.72,,,3263
192.167.209.10,,,3264
112.198.79.5,,,3265
190.178.89.73,,,3266
71.193.216.156,,,3267
75.139.152.10,,,3268
76.106.52.82,,,3269
173.24.49.53,,,3270
80.153.157.44,,,3271
194.94.136.71,,,3272
65.52.110.67,,,3273
38.101.148.124,,,3274
110.75.174.7,,,3275
110.75.175.45,,,3276
190.230.30.63,,,3277
141.163.186.48,,,3278
200.124.14.101,,,3279
109.165.131.57,,,3280
168.216.16.50,,,3281
123.125.71.95,,,3282
123.125.71.100,,,3283
79.240.64.50,,,3284
200.132.210.78,,,3285
119.235.237.92,,,3286
85.240.54.184,,,3287
84.74.185.7,,,3288
110.75.176.50,,,3289
128.135.149.33,,,3290
206.176.219.6,,,3291
88.198.38.230,,,3292
190.189.85.66,,,3293
82.233.28.58,,,3294
76.22.186.206,,,3295
119.63.198.22,,,3296
66.249.71.26,,,3297
119.63.198.31,,,3298
190.177.64.31,,,3299
109.62.165.133,,,3300
190.24.53.121,,,3301
190.177.76.142,,,3302
222.124.3.179,,,3303
59.184.39.176,,,3304
109.120.144.247,,,3305
94.54.31.192,,,3306
123.125.71.34,,,3307
217.57.164.6,,,3308
188.54.123.114,,,3309
180.149.53.35,,,3310
85.148.36.36,,,3311
66.249.68.194,,,3312
65.52.110.65,,,3313
200.5.198.50,,,3314
186.9.49.219,,,3315
14.96.119.154,,,3316
150.70.172.106,,,3317
122.168.170.212,,,3318
189.46.57.131,,,3319
66.249.72.81,,,3320
190.177.81.67,,,3321
184.154.7.186,,,3322
123.125.71.98,,,3323
123.125.71.115,,,3324
200.54.149.190,,,3325
220.181.19.81,,,3326
119.63.198.14,,,3327
186.42.123.2,,,3328
95.78.75.205,,,3329
24.18.183.55,,,3330
208.80.194.36,,,3331
118.107.140.140,,,3332
65.52.110.53,,,3333
114.113.148.229,,,3334
114.113.148.223,,,3335
208.77.41.66,,,3336
65.52.109.60,,,3337
65.52.108.14,,,3338
218.41.185.10,,,3339
207.46.195.105,,,3340
207.46.194.137,,,3341
91.13.240.162,,,3342
92.0.135.109,,,3343
93.132.241.146,,,3344
79.234.110.115,,,3345
2.91.106.86,,,3346
79.221.229.56,,,3347
184.72.140.16,,,3348
110.75.174.19,,,3349
110.75.174.2,,,3350
110.75.171.102,,,3351
74.125.66.83,,,3352
119.63.196.101,,,3353
189.227.26.65,,,3354
65.52.109.61,,,3355
95.108.151.244,,,3356
190.178.69.77,,,3357
98.137.72.231,,,3358
98.137.72.233,,,3359
157.55.116.34,,,3360
158.194.93.34,,,3361
194.81.127.246,,,3362
117.199.139.40,,,3363
190.177.69.186,,,3364
83.69.244.141,,,3365
125.37.25.180,,,3366
65.52.108.13,,,3367
87.105.190.50,,,3368
190.176.228.219,,,3369
149.155.96.6,,,3370
218.38.12.29,,,3371
190.178.79.223,,,3372
84.108.116.253,,,3373
122.164.177.64,,,3374
88.191.108.76,,,3375
213.5.71.163,,,3376
190.42.199.201,,,3377
72.14.194.65,,,3378
98.137.72.254,,,3379
98.137.72.234,,,3380
207.46.12.240,,,3381
98.137.72.247,,,3382
84.86.159.244,,,3383
173.49.24.118,,,3384
98.137.72.229,,,3385
123.125.71.112,,,3386
98.137.72.216,,,3387
65.52.110.68,,,3388
98.137.72.227,,,3389
68.154.35.64,,,3390
201.251.7.253,,,3391
24.5.31.221,,,3392
119.63.196.124,,,3393
62.231.141.193,,,3394
157.55.16.231,,,3395
157.55.17.103,,,3396
65.52.110.55,,,3397
77.126.198.13,,,3398
196.215.92.17,,,3399
84.249.66.34,,,3400
190.177.74.248,,,3401
77.222.43.19,,,3402
145.236.161.158,,,3403
190.177.80.148,,,3404
184.72.189.16,,,3405
205.209.143.61,,,3406
81.178.210.32,,,3407
77.99.127.12,,,3408
91.178.59.141,,,3409
76.113.236.89,,,3410
74.50.100.8,,,3411
88.224.173.65,,,3412
77.125.99.123,,,3413
207.46.195.107,,,3414
78.86.241.29,,,3415
208.115.111.71,,,3416
67.195.112.153,,,3417
190.43.103.30,,,3418
136.142.132.139,,,3419
65.52.110.74,,,3420
119.63.196.15,,,3421
187.25.155.38,,,3422
69.58.178.58,,,3423
220.181.7.31,,,3424
79.212.77.19,,,3425
46.17.97.13,,,3426
89.236.59.246,,,3427
86.208.78.92,,,3428
190.177.71.196,,,3429
65.52.110.83,,,3430
205.178.190.236,,,3431
157.157.197.76,,,3432
123.100.117.179,,,3433
74.66.235.75,,,3434
212.113.37.106,,,3435
62.43.103.97,,,3436
65.52.110.29,,,3437
188.60.204.182,,,3438
71.255.121.124,,,3439
123.125.71.116,,,3440
94.14.165.112,,,3441
94.120.247.248,,,3442
76.110.220.143,,,3443
89.153.221.48,,,3444
188.138.84.8,,,3445
95.28.124.222,,,3446
80.5.27.51,,,3447
74.15.88.34,,,3448
110.75.173.7,,,3449
76.102.80.250,,,3450
65.52.110.80,,,3451
200.27.48.146,,,3452
119.63.196.117,,,3453
128.36.27.54,,,3454
70.64.162.212,,,3455
99.10.212.81,,,3456
119.27.62.254,,,3457
121.97.98.183,,,3458
84.237.118.156,,,3459
65.52.110.20,,,3460
207.210.234.226,,,3461
79.135.143.126,,,3462
220.181.7.29,,,3463
212.35.66.11,,,3464
92.158.22.20,,,3465
210.212.237.233,,,3466
77.22.26.119,,,3467
141.5.18.141,,,3468
186.210.101.192,,,3469
143.107.252.76,,,3470
65.52.110.56,,,3471
116.71.171.50,,,3472
129.242.192.230,,,3473
99.229.166.38,,,3474
222.222.194.187,,,3475
83.145.51.167,,,3476
200.75.86.45,,,3477
131.111.188.207,,,3478
84.121.19.109,,,3479
193.61.170.134,,,3480
89.178.234.169,,,3481
65.52.110.54,,,3482
146.155.109.113,,,3483
132.235.104.14,,,3484
187.32.150.148,,,3485
124.197.33.223,,,3486
190.173.225.51,,,3487
129.24.125.191,,,3488
97.112.108.116,,,3489
81.183.15.212,,,3490
193.47.80.143,,,3491
92.43.110.80,,,3492
65.52.110.66,,,3493
190.8.7.50,,,3494
69.37.38.84,,,3495
66.219.58.39,,,3496
119.63.196.14,,,3497
65.52.110.52,,,3498
65.52.110.17,,,3499
221.248.147.101,,,3500
157.55.50.75,,,3501
207.182.146.170,,,3502
81.106.104.58,,,3503
116.43.35.30,,,3504
74.125.152.82,,,3505
122.168.233.79,,,3506
188.115.144.7,,,3507
65.52.108.12,,,3508
65.52.110.23,,,3509
218.213.130.161,,,3510
69.28.58.42,,,3511
65.52.110.77,,,3512
157.55.50.77,,,3513
213.192.25.2,,,3514
157.55.50.76,,,3515
91.44.202.22,,,3516
123.125.71.117,,,3517
123.125.71.99,,,3518
123.125.71.107,,,3519
123.125.71.105,,,3520
123.125.71.111,,,3521
123.125.71.114,,,3522
123.125.71.96,,,3523
123.125.71.101,,,3524
74.125.46.88,,,3525
74.125.44.88,,,3526
186.98.233.155,,,3527
190.13.97.30,,,3528
157.55.50.11,,,3529
157.55.50.13,,,3530
38.99.96.243,,,3531
86.133.141.69,,,3532
71.39.50.240,,,3533
201.40.152.35,,,3534
190.177.75.149,,,3535
46.52.108.228,,,3536
86.51.35.38,,,3537
24.238.46.21,,,3538
207.46.194.85,,,3539
175.158.29.208,,,3540
90.23.111.72,,,3541
119.235.237.78,,,3542
190.177.92.250,,,3543
74.77.177.107,,,3544
141.161.133.153,,,3545
203.12.2.160,,,3546
153.107.97.156,,,3547
190.82.46.149,,,3548
207.46.12.202,,,3549
119.63.196.120,,,3550
74.125.152.87,,,3551
70.129.143.211,,,3552
109.230.246.100,,,3553
190.3.1.11,,,3554
200.7.224.121,,,3555
203.33.199.33,,,3556
41.226.216.58,,,3557
219.124.174.187,,,3558
62.171.194.19,,,3559
132.180.32.10,,,3560
134.36.37.58,,,3561
190.177.69.137,,,3562
201.251.112.236,,,3563
95.67.179.101,,,3564
208.131.181.126,,,3565
65.183.8.194,,,3566
200.16.241.26,,,3567
88.235.92.107,,,3568
168.169.246.34,,,3569
116.50.214.210,,,3570
136.177.20.92,,,3571
62.45.11.242,,,3572
163.247.40.50,,,3573
66.249.71.55,,,3574
62.45.11.146,,,3575
187.79.24.47,,,3576
189.104.117.220,,,3577
78.147.207.190,,,3578
62.24.181.134,,,3579
80.189.159.104,,,3580
168.169.218.173,,,3581
212.95.54.211,,,3582
148.226.28.30,,,3583
201.235.214.42,,,3584
189.21.214.194,,,3585
123.125.71.109,,,3586
64.66.124.116,,,3587
66.249.66.78,,,3588
96.49.15.30,,,3589
190.177.86.26,,,3590
94.227.2.120,,,3591
67.195.111.35,,,3592
66.249.71.116,,,3593
65.52.110.22,,,3594
119.63.196.123,,,3595
192.148.117.85,,,3596
192.148.117.79,,,3597
192.148.117.81,,,3598
69.171.163.203,,,3599
91.201.66.12,,,3600
186.40.148.112,,,3601
200.181.90.238,,,3602
184.59.4.174,,,3603
65.52.110.71,,,3604
81.213.77.140,,,3605
86.178.56.43,,,3606
94.172.11.8,,,3607
203.89.50.223,,,3608
86.28.166.79,,,3609
71.51.98.19,,,3610
83.241.11.192,,,3611
8.12.144.17,,,3612
8.12.144.58,,,3613
92.245.195.161,,,3614
62.49.17.229,,,3615
195.70.10.116,,,3616
50.35.241.217,,,3617
190.176.217.28,,,3618
77.53.109.109,,,3619
186.140.10.68,,,3620
150.70.64.198,,,3621
150.70.75.36,,,3622
186.108.204.46,,,3623
207.46.204.217,,,3624
41.208.132.16,,,3625
207.46.12.208,,,3626
119.63.196.109,,,3627
190.47.70.63,,,3628
68.202.50.146,,,3629
69.159.16.200,,,3630
65.52.110.81,,,3631
66.249.72.139,,,3632
77.21.146.83,,,3633
68.113.162.90,,,3634
131.111.8.35,,,3635
65.52.104.37,,,3636
65.52.104.42,,,3637
114.150.131.4,,,3638
65.52.110.31,,,3639
141.76.40.246,,,3640
198.106.189.76,,,3641
65.52.104.36,,,3642
65.52.110.79,,,3643
218.205.243.91,,,3644
218.201.204.243,,,3645
99.67.180.52,,,3646
59.90.6.151,,,3647
161.111.45.163,,,3648
14.139.62.34,,,3649
194.199.60.68,,,3650
125.46.34.27,,,3651
65.52.110.93,,,3652
65.52.110.39,,,3653
218.186.17.11,,,3654
201.55.38.2,,,3655
157.55.112.226,,,3656
190.216.7.247,,,3657
200.18.33.232,,,3658
184.82.196.209,,,3659
193.60.89.247,,,3660
206.107.148.145,,,3661
134.76.190.212,,,3662
81.158.88.129,,,3663
65.52.110.14,,,3664
72.175.255.226,,,3665
131.111.21.21,,,3666
217.109.39.27,,,3667
152.74.211.254,,,3668
204.111.168.35,,,3669
74.253.6.7,,,3670
213.229.80.22,,,3671
207.66.14.2,,,3672
147.210.209.41,,,3673
66.249.71.168,,,3674
217.125.225.175,,,3675
65.52.110.13,,,3676
186.2.9.62,,,3677
86.165.230.224,,,3678
192.197.114.41,,,3679
158.227.224.137,,,3680
74.125.46.85,,,3681
190.132.127.138,,,3682
65.52.110.88,,,3683
207.46.199.189,,,3684
200.41.130.92,,,3685
92.253.44.25,,,3686
85.222.182.147,,,3687
12.156.135.162,,,3688
78.105.26.223,,,3689
69.168.39.175,,,3690
119.63.196.108,,,3691
201.25.141.136,,,3692
69.28.58.33,,,3693
71.59.2.247,,,3694
190.103.74.86,,,3695
200.108.108.72,,,3696
202.75.4.145,,,3697
91.121.81.114,,,3698
190.179.106.195,,,3699
188.143.232.55,,,3700
124.168.114.16,,,3701
95.77.98.130,,,3702
68.180.85.159,,,3703
65.52.110.40,,,3704
69.115.241.123,,,3705
78.86.14.121,,,3706
74.125.152.80,,,3707
74.125.74.132,,,3708
78.42.123.61,,,3709
62.189.77.110,,,3710
178.139.208.13,,,3711
131.111.9.64,,,3712
83.22.4.102,,,3713
95.180.213.235,,,3714
90.198.78.169,,,3715
189.124.204.129,,,3716
86.154.248.237,,,3717
200.72.203.221,,,3718
59.178.33.250,,,3719
134.225.64.239,,,3720
190.10.68.227,,,3721
8.21.4.254,,,3722
159.83.252.233,,,3723
132.160.225.10,,,3724
138.37.230.161,,,3725
190.43.92.125,,,3726
189.15.237.39,,,3727
91.106.153.191,,,3728
119.63.196.28,,,3729
85.75.109.227,,,3730
207.46.12.239,,,3731
208.90.56.152,,,3732
190.49.2.181,,,3733
70.126.137.60,,,3734
209.11.177.202,,,3735
65.52.110.33,,,3736
87.177.153.69,,,3737
190.19.46.142,,,3738
140.127.27.245,,,3739
140.127.27.152,,,3740
140.127.27.5,,,3741
140.127.27.70,,,3742
140.127.27.71,,,3743
140.127.27.72,,,3744
140.127.27.69,,,3745
140.127.27.189,,,3746
186.69.181.59,,,3747
157.55.112.220,,,3748
67.195.111.43,,,3749
67.195.115.241,,,3750
80.210.80.41,,,3751
66.249.67.69,,,3752
213.173.185.94,,,3753
119.153.9.85,,,3754
212.59.55.66,,,3755
164.100.6.58,,,3756
131.165.209.116,,,3757
81.145.54.194,,,3758
197.128.158.71,,,3759
94.194.80.57,,,3760
74.54.205.122,,,3761
74.125.64.86,,,3762
74.125.46.86,,,3763
74.125.66.85,,,3764
74.125.44.89,,,3765
161.111.45.159,,,3766
119.224.37.197,,,3767
66.249.67.229,,,3768
201.214.10.248,,,3769
88.227.8.43,,,3770
58.83.227.150,,,3771
64.255.180.122,,,3772
169.237.77.34,,,3773
75.85.4.56,,,3774
201.214.253.35,,,3775
119.147.6.60,,,3776
75.74.92.185,,,3777
65.60.188.160,,,3778
65.52.110.24,,,3779
186.10.59.209,,,3780
200.59.206.162,,,3781
66.183.86.28,,,3782
61.143.210.230,,,3783
201.231.59.163,,,3784
190.232.39.150,,,3785
186.214.135.38,,,3786
189.216.4.27,,,3787
65.52.110.49,,,3788
65.52.110.41,,,3789
119.63.196.31,,,3790
200.12.202.94,,,3791
67.195.112.178,,,3792
200.116.139.222,,,3793
216.145.5.42,,,3794
186.205.184.187,,,3795
117.206.19.173,,,3796
117.20.154.45,,,3797
123.125.71.113,,,3798
92.85.172.215,,,3799
78.162.131.236,,,3800
79.116.178.80,,,3801
207.189.121.54,,,3802
222.124.156.242,,,3803
186.81.67.60,,,3804
74.55.208.66,,,3805
189.106.119.74,,,3806
82.124.194.221,,,3807
119.159.192.30,,,3808
65.52.110.85,,,3809
65.52.110.90,,,3810
79.234.92.211,,,3811
207.46.195.213,,,3812
70.70.220.118,,,3813
200.83.15.165,,,3814
201.231.156.224,,,3815
71.62.123.77,,,3816
188.127.226.86,,,3817
186.16.138.161,,,3818
220.253.173.110,,,3819
201.241.178.230,,,3820
121.72.16.21,,,3821
76.28.138.157,,,3822
108.7.72.138,,,3823
108.12.23.43,,,3824
129.15.117.212,,,3825
74.125.158.82,,,3826
74.125.44.82,,,3827
190.131.15.111,,,3828
88.190.13.201,,,3829
190.235.63.107,,,3830
184.167.25.75,,,3831
66.249.72.138,,,3832
72.47.139.182,,,3833
93.219.88.149,,,3834
65.52.110.32,,,3835
68.50.131.178,,,3836
217.218.233.58,,,3837
203.185.68.163,,,3838
62.8.115.122,,,3839
131.203.124.145,,,3840
65.52.110.78,,,3841
88.97.24.83,,,3842
76.185.65.115,,,3843
109.230.220.32,,,3844
200.2.119.115,,,3845
88.237.62.196,,,3846
180.147.92.207,,,3847
91.201.66.6,,,3848
74.125.66.81,,,3849
201.54.203.139,,,3850
88.247.168.128,,,3851
190.177.100.101,,,3852
87.78.38.33,,,3853
200.89.74.74,,,3854
64.233.182.80,,,3855
92.228.120.9,,,3856
201.215.3.67,,,3857
157.55.112.205,,,3858
66.249.71.148,,,3859
184.73.4.56,,,3860
190.232.119.48,,,3861
190.174.219.51,,,3862
189.5.94.209,,,3863
68.92.9.129,,,3864
110.75.173.49,,,3865
110.75.173.38,,,3866
189.104.113.1,,,3867
110.75.173.18,,,3868
190.31.60.135,,,3869
201.231.58.157,,,3870
66.249.66.101,,,3871
121.10.141.246,,,3872
60.240.255.146,,,3873
67.231.243.72,,,3874
99.9.29.242,,,3875
86.13.8.110,,,3876
96.251.20.188,,,3877
150.70.172.101,,,3878
208.107.163.129,,,3879
96.2.86.139,,,3880
50.19.55.52,,,3881
139.80.33.184,,,3882
93.186.31.237,,,3883
93.186.31.236,,,3884
50.72.18.53,,,3885
137.132.250.9,,,3886
150.70.75.29,,,3887
207.46.12.76,,,3888
186.107.164.100,,,3889
92.154.20.168,,,3890
200.27.245.235,,,3891
190.237.127.36,,,3892
85.55.9.102,,,3893
87.116.16.245,,,3894
222.109.32.172,,,3895
49.48.117.140,,,3896
182.237.8.226,,,3897
190.20.118.80,,,3898
123.125.71.103,,,3899
95.252.118.169,,,3900
114.73.67.120,,,3901
95.182.167.55,,,3902
173.93.189.190,,,3903
98.85.203.105,,,3904
82.39.171.76,,,3905
184.72.72.199,,,3906
186.10.236.160,,,3907
64.233.182.85,,,3908
97.96.185.48,,,3909
184.72.73.60,,,3910
188.143.233.163,,,3911
64.219.133.233,,,3912
81.30.230.193,,,3913
69.203.216.156,,,3914
174.129.179.134,,,3915
82.123.38.12,,,3916
65.52.110.18,,,3917
157.55.17.104,,,3918
79.140.3.232,,,3919
201.164.150.14,,,3920
110.75.171.85,,,3921
119.63.196.84,,,3922
110.75.173.32,,,3923
110.75.171.123,,,3924
190.234.199.155,,,3925
213.132.211.5,,,3926
121.223.144.17,,,3927
50.16.40.209,,,3928
66.249.68.75,,,3929
190.177.97.206,,,3930
119.18.133.25,,,3931
67.202.8.205,,,3932
124.115.2.231,,,3933
65.52.110.92,,,3934
65.52.110.91,,,3935
108.82.214.210,,,3936
92.13.75.118,,,3937
46.60.252.68,,,3938
65.52.110.50,,,3939
123.125.71.106,,,3940
123.125.71.104,,,3941
79.70.241.81,,,3942
85.178.67.9,,,3943
62.182.78.192,,,3944
66.180.175.96,,,3945
74.125.44.87,,,3946
190.179.99.101,,,3947
79.221.192.146,,,3948
146.110.162.150,,,3949
122.167.230.164,,,3950
137.149.78.115,,,3951
209.137.246.50,,,3952
134.36.37.111,,,3953
65.52.110.89,,,3954
177.26.191.176,,,3955
207.74.115.23,,,3956
217.44.244.197,,,3957
82.82.238.23,,,3958
86.143.201.219,,,3959
92.37.8.229,,,3960
216.73.252.211,,,3961
82.253.148.229,,,3962
66.249.68.78,,,3963
86.144.123.41,,,3964
74.125.44.90,,,3965
201.216.169.141,,,3966
66.249.66.165,,,3967
123.211.61.40,,,3968
203.23.253.1,,,3969
95.133.219.19,,,3970
69.147.115.58,,,3971
50.38.49.47,,,3972
62.76.193.20,,,3973
117.207.84.245,,,3974
157.128.244.98,,,3975
193.75.228.252,,,3976
116.68.68.54,,,3977
178.191.111.35,,,3978
190.234.5.5,,,3979
80.133.95.85,,,3980
85.187.233.83,,,3981
80.249.247.70,,,3982
193.140.219.240,,,3983
87.217.229.54,,,3984
83.244.229.91,,,3985
206.162.141.126,,,3986
86.16.5.141,,,3987
217.172.94.11,,,3988
190.177.66.186,,,3989
93.219.125.9,,,3990
189.97.87.1,,,3991
122.167.7.170,,,3992
132.248.34.173,,,3993
85.178.222.155,,,3994
109.67.204.52,,,3995
200.109.19.183,,,3996
86.157.135.235,,,3997
149.142.83.114,,,3998
137.82.4.41,,,3999
213.119.53.170,,,4000
222.124.108.245,,,4001
79.2.64.250,,,4002
178.252.136.250,,,4003
132.248.32.3,,,4004
132.248.181.26,,,4005
27.44.44.117,,,4006
84.93.175.146,,,4007
75.172.14.95,,,4008
201.220.232.61,,,4009
189.196.153.2,,,4010
